"prID","poetID","regionID"
369,113,57
23,187,10
340,106,100
321,534,110
22,288,30
45,190,110
81,99,16
53,311,76
80,138,30
21,90,56
26,162,49
27,246,25
381,327,112
377,96,83
3782,231,100
31,216,79
32,289,31
339,487,131
34,214,108
35,277,26
36,229,83
89,519,141
38,205,73
52,221,16
279,194,25
41,17,109
42,253,94
3330,318,36
373,178,150
374,532,110
47,245,18
51,145,111
50,175,18
54,325,112
55,474,8
56,494,113
57,496,64
1274,95,308
59,499,116
1868,500,630
61,77,118
3204,4442,83
63,503,120
64,504,121
65,509,122
66,512,123
67,514,124
68,516,125
69,517,127
70,518,128
3379,520,970
73,525,133
74,526,133
75,527,39
77,240,134
78,524,136
79,433,26
82,94,16
416,574,210
84,48,110
85,110,110
86,137,30
1869,506,631
88,218,140
90,429,26
91,65,142
92,212,76
93,93,144
94,22,48
95,32,18
96,225,64
97,224,64
98,201,70
3329,298,798
100,154,83
101,319,64
104,119,70
103,166,147
105,210,110
106,39,10
107,357,149
108,239,88
165,259,99
112,183,10
111,186,150
113,521,131
3218,16,1124
115,195,66
116,191,64
117,15,79
118,14,79
119,242,10
153,508,63
121,173,57
122,475,8
123,61,48
124,13,79
603,751,268
126,169,10
127,37,10
128,38,10
129,274,64
130,88,48
1795,1983,4
132,136,132
429,587,215
646,789,48
135,254,16
136,233,39
137,248,88
255,263,110
139,146,39
140,293,34
141,472,154
142,396,156
143,132,157
542,693,150
145,292,33
2737,510,1096
2738,511,1096
1870,505,632
149,133,120
1272,629,403
151,236,38
152,174,160
3243,188,64
655,798,16
156,172,56
157,150,43
158,469,79
160,284,28
161,295,35
162,249,92
314,81,181
164,157,48
166,513,84
167,163,110
438,589,124
337,6,189
2617,207,110
171,232,64
1818,268,10
3253,200,64
174,197,64
345,206,64
343,131,25
341,344,39
178,302,84
179,257,97
180,294,33
181,290,25
182,208,74
183,189,63
184,523,132
3251,235,72
186,176,18
187,147,41
188,204,62
3252,310,83
190,151,50
191,345,63
192,244,18
2833,247,1076
1841,28,25
195,227,108
196,230,84
197,386,62
1019,1191,48
199,258,26
200,161,110
201,24,48
202,149,122
1862,250,627
3179,4096,93
205,105,31
206,97,31
207,171,55
208,70,163
209,109,10
210,255,110
211,243,10
212,209,110
213,211,75
214,128,30
215,291,32
216,203,72
217,217,80
1288,1445,64
219,139,30
220,82,72
221,127,110
3269,467,58
223,47,165
224,522,50
225,134,57
226,116,31
227,130,57
228,165,50
229,27,16
230,228,110
231,79,167
232,222,132
233,177,18
234,238,25
235,507,39
236,62,154
237,198,68
300,407,58
239,256,95
240,148,168
241,390,168
242,389,168
243,125,146
244,199,10
245,140,36
283,85,25
4059,6091,10
1863,251,627
1864,252,627
250,215,18
251,304,36
254,308,88
253,112,48
256,101,34
3141,4001,10
258,312,64
259,86,30
1297,1453,171
261,30,41
262,67,58
263,122,110
264,196,67
282,279,27
3158,213,173
267,313,87
268,306,46
975,1147,93
270,234,4
271,87,92
272,29,41
273,237,87
274,278,26
275,220,56
276,44,171
649,792,48
278,63,110
280,168,48
3162,12,10
285,383,10
286,365,10
3365,460,108
288,481,133
289,309,175
290,123,166
291,493,16
292,323,176
293,301,113
3295,332,1144
295,330,177
296,331,178
297,272,18
298,418,10
299,42,48
301,498,113
302,241,110
303,410,10
1158,1331,110
305,446,68
3122,490,25
307,264,167
3074,305,247
309,66,179
310,91,31
311,60,180
312,276,27
313,68,119
315,52,183
316,528,110
390,434,99
319,531,110
320,155,184
322,533,185
323,536,110
324,537,110
325,538,133
326,539,79
327,46,176
328,285,28
329,450,186
330,540,187
331,541,188
332,543,48
333,435,99
334,108,4
335,445,68
336,275,27
5707,7357,64
342,480,25
344,19,25
346,456,144
347,100,43
348,104,48
349,454,97
1275,118,308
352,111,146
353,185,187
355,74,10
3294,55,193
357,89,194
359,59,195
1287,11,140
361,297,196
362,515,124
363,338,38
5706,8,50
365,124,70
3386,80,1159
367,135,199
368,5,31
370,126,57
371,98,200
372,167,18
3478,43,628
376,158,150
3327,397,26
379,170,176
382,72,110
383,356,140
384,409,25
385,400,68
2578,455,144
387,452,132
388,339,202
389,529,110
391,547,108
392,549,204
1277,580,308
394,552,205
395,553,206
396,554,31
3210,555,10
398,556,39
399,558,206
445,535,110
401,559,66
402,560,10
403,561,25
404,562,207
405,563,2
406,564,39
407,565,208
408,566,122
409,567,48
410,569,48
411,568,110
412,570,48
413,571,84
414,572,209
415,573,137
417,575,10
1966,576,18
419,577,212
420,578,58
421,579,213
1289,1446,206
423,581,18
424,582,214
425,583,141
426,584,153
427,585,153
428,586,153
433,432,26
3382,545,1157
3390,550,1155
434,430,26
435,431,26
436,588,217
437,299,197
444,557,75
440,591,173
441,592,187
442,593,25
443,594,218
446,596,219
3661,4651,64
448,598,221
449,599,124
450,600,60
451,601,222
452,602,128
453,603,27
454,604,110
455,605,132
456,606,220
457,607,223
458,608,217
459,609,43
460,610,43
461,611,150
462,612,154
463,613,224
464,614,225
465,615,60
466,616,226
467,618,93
468,619,149
469,617,228
470,620,149
471,621,229
472,622,230
473,623,124
474,624,231
475,625,217
476,626,10
477,627,110
478,628,232
1273,497,308
480,630,79
481,631,233
482,632,68
483,633,76
484,634,206
485,635,113
486,636,68
487,637,39
489,639,64
490,640,234
491,641,165
492,642,235
493,643,196
495,644,39
496,645,110
497,646,173
1278,647,308
499,648,110
500,650,48
501,649,97
502,652,18
1790,653,4
504,654,133
505,655,110
506,656,25
507,657,167
596,658,173
509,659,165
510,660,206
511,662,25
512,663,10
515,665,176
1279,664,308
516,666,128
597,747,66
518,667,39
519,669,39
520,670,133
521,671,239
522,672,240
2950,673,48
524,675,50
525,674,50
526,676,50
527,677,192
528,678,241
529,679,110
530,680,132
531,681,113
532,682,189
533,683,10
534,684,50
535,685,50
536,686,58
537,687,18
538,688,25
539,689,48
540,690,50
541,691,58
543,692,242
544,694,63
546,696,128
1320,1068,191
548,698,58
549,699,132
550,700,244
551,701,245
552,702,246
553,703,247
554,704,248
555,705,72
556,706,223
557,707,93
558,708,249
559,709,250
560,710,132
3266,711,49
562,712,252
563,713,253
564,714,254
1280,715,308
566,716,72
567,717,255
568,718,256
569,719,201
570,720,258
571,721,259
572,722,260
573,723,113
574,724,18
575,725,206
576,726,261
577,728,262
578,729,39
579,730,121
580,727,72
581,731,76
582,732,263
583,733,25
1791,734,4
585,735,16
586,736,192
587,737,133
588,738,83
589,740,264
590,741,265
1816,742,229
592,743,217
593,744,206
594,745,124
1281,746,308
1792,748,4
601,749,267
602,750,152
604,752,79
605,753,217
606,754,206
607,755,206
1282,756,308
609,757,269
611,758,225
612,759,50
613,760,270
614,761,25
615,762,271
617,763,70
618,764,225
619,765,225
620,766,273
621,767,274
622,768,218
623,769,48
624,770,235
625,771,122
626,772,176
627,773,64
628,774,275
629,775,245
630,776,165
631,777,256
632,778,39
633,779,58
634,780,167
637,783,141
638,784,217
639,785,50
640,786,276
3124,374,10
642,20,25
643,26,48
644,788,48
645,78,178
647,790,113
648,791,277
650,793,147
651,794,50
652,795,89
653,796,93
654,797,192
656,799,25
657,800,25
658,801,133
659,802,279
660,803,280
661,804,75
662,805,25
663,807,122
664,808,217
665,809,281
666,810,141
667,812,70
668,813,50
669,814,58
670,815,208
671,816,282
672,817,283
673,818,224
674,819,121
675,820,121
676,821,25
677,822,18
678,823,284
679,824,121
680,825,88
681,826,285
682,827,286
683,828,201
684,830,287
685,829,113
686,831,288
1283,832,308
688,833,208
689,834,124
690,835,289
691,836,290
692,837,291
693,838,58
694,839,122
695,840,93
1284,841,308
697,842,121
698,843,292
699,844,58
700,845,293
701,846,132
702,847,83
703,848,39
704,849,110
705,850,224
706,851,16
707,852,113
708,853,141
709,854,25
710,856,255
711,857,66
712,858,66
713,859,39
714,860,39
715,861,294
716,862,48
717,863,141
718,864,295
719,865,295
720,866,16
721,867,25
722,868,296
723,869,247
724,870,66
725,871,297
726,872,197
727,873,60
728,874,298
729,875,197
730,876,299
731,878,301
732,879,39
733,880,48
734,881,302
735,882,303
736,883,275
737,884,275
739,886,304
740,887,113
741,888,58
742,889,154
743,890,212
744,891,212
745,892,167
746,893,48
747,894,217
1285,895,308
749,896,281
750,897,10
751,898,70
752,899,305
753,900,275
754,901,58
755,902,120
756,903,306
757,905,121
1002,1173,110
1793,907,4
760,908,63
761,909,173
762,910,58
763,912,84
764,913,307
765,915,25
766,916,110
767,917,308
768,919,93
769,918,309
770,920,308
771,922,122
772,923,122
773,924,149
774,925,48
1452,1642,275
776,927,310
777,928,310
778,929,310
779,930,75
780,931,311
3196,314,58
782,933,312
783,934,57
784,935,10
785,936,64
786,937,313
787,938,10
788,939,110
789,940,110
790,941,144
791,942,314
792,943,315
793,944,189
794,945,316
795,946,317
796,947,212
797,954,135
798,955,135
799,972,318
800,975,110
801,976,50
802,977,110
803,978,149
804,979,39
805,980,48
806,981,39
807,982,196
3258,984,627
809,983,110
810,985,48
811,987,18
812,986,108
3405,988,60
814,989,110
815,990,79
816,991,269
817,992,10
818,994,217
1016,1188,204
2589,3548,1028
821,996,94
822,997,122
823,998,187
824,999,58
825,1000,206
826,1001,187
827,1002,120
828,1003,120
3406,1004,132
830,1005,48
831,1006,320
832,1007,284
833,1008,184
834,1009,245
835,1010,120
836,1011,184
837,1012,321
838,1013,321
839,1014,321
840,1015,321
841,1016,171
842,1017,322
843,1018,323
844,1019,206
845,1020,72
1920,1021,324
847,1022,325
848,1023,326
849,1024,327
850,1025,66
851,1026,18
852,1027,88
853,1029,219
854,1030,304
855,1031,10
856,1032,110
857,1033,48
858,1034,48
3413,1035,10
860,1036,110
861,1037,122
862,1038,113
863,1039,26
864,1040,58
865,1041,18
866,1042,121
867,1043,206
868,1044,329
869,1045,330
870,1046,110
871,1047,75
872,1048,208
873,1049,331
874,1050,132
875,1051,214
876,1052,48
877,1053,121
878,1054,76
879,1055,332
880,1056,332
881,1057,63
882,1058,99
883,1059,191
884,1061,43
885,1062,10
886,1063,120
887,1064,27
3509,4492,1184
3485,911,1179
890,914,197
891,1028,197
892,1066,187
893,1067,10
1321,1079,191
895,1069,68
896,1070,247
897,1071,192
898,1072,75
899,1073,333
900,1074,19
901,1075,75
902,1076,217
903,1077,39
904,1078,149
1322,1476,133
906,1080,110
907,1081,10
908,1083,10
909,1084,48
910,1085,144
911,1086,48
912,1087,48
913,1088,334
914,1089,57
915,1090,48
916,1091,66
917,1092,197
918,1093,167
919,1094,39
920,1095,191
921,1096,335
922,1097,26
923,1098,26
924,1099,99
3431,1100,431
3430,1101,431
927,1102,66
928,1103,25
929,1104,93
930,1105,336
931,1106,217
932,1107,121
933,1108,113
934,1109,197
935,1110,18
936,1111,58
937,1112,10
938,1113,196
939,1114,233
940,1115,25
941,1116,319
942,1117,197
943,1118,337
944,1119,122
945,1120,217
3420,1121,928
947,542,192
1470,1659,113
949,1123,339
950,1124,2
951,1125,340
952,1126,341
953,1127,113
954,1128,72
955,1129,342
956,1130,176
957,1131,133
958,1132,343
959,1133,10
960,1134,121
961,1135,66
962,1136,25
964,1138,217
965,921,113
966,1139,93
967,1140,323
968,1141,191
969,1142,64
970,1143,337
971,1144,25
2569,3740,1075
973,1146,50
974,71,30
976,1148,118
977,1149,345
978,1150,206
979,1151,75
1015,1187,154
981,1153,75
982,1156,121
2583,3300,1082
984,1158,346
985,806,197
986,855,113
987,904,197
988,1159,10
989,1160,347
990,1161,110
991,1162,233
992,1163,110
993,1164,167
994,1165,18
995,1166,76
996,1167,295
997,1168,93
998,1169,76
999,1170,197
1000,1171,48
1001,1172,348
1003,1174,349
1004,1175,76
1005,1176,350
1006,1177,351
1007,1178,10
1008,1179,275
1009,1180,352
1010,1181,110
1011,1182,353
1012,1183,354
1013,1184,93
1014,1185,93
1861,2094,496
1232,1338,83
1020,1192,299
1021,1193,224
1022,1194,255
1271,451,403
1024,1196,166
1025,1197,329
1026,1198,124
1027,1199,308
1028,1200,165
1029,1201,171
1030,1202,358
1031,1203,206
1815,1204,299
1033,1205,141
1034,1206,110
1035,1207,167
1036,1208,70
1037,1210,150
1038,1211,178
1039,1212,255
1040,1213,48
1041,1214,187
1042,1215,360
1043,1216,361
1044,1217,79
1045,1218,25
1046,1219,110
1047,1220,58
1048,1221,362
1049,1222,329
3412,1223,141
1051,1224,363
1052,1225,364
1053,1226,365
1054,1227,366
1055,1228,56
1056,1229,167
1057,1230,367
1058,1231,197
1059,1232,368
1060,1233,25
1061,1234,369
1062,1235,306
1063,1236,176
1064,1237,225
1065,1238,370
1066,1239,176
1067,1240,196
1068,1241,63
1069,1242,371
1070,1243,206
1071,1244,110
1072,1245,79
1073,1246,63
1074,1247,56
1075,1248,39
1076,1249,137
1077,1250,56
1078,1251,308
1079,1252,206
2612,1253,1084
1081,1254,308
1082,1255,206
1083,1256,176
3197,3485,187
1085,1258,176
1086,1259,206
1087,1260,66
1088,1261,308
1089,1262,192
1090,1263,58
3664,2959,1123
1092,1265,94
1093,1266,10
1094,1267,372
1095,1268,93
1096,1269,201
1097,1270,192
1098,1271,110
1099,1272,373
1100,1273,374
1101,1274,375
1102,1275,376
1103,1276,377
1104,1277,113
1105,1278,57
1106,1279,10
1107,1280,215
1108,1281,224
1109,1282,167
1110,1283,378
1111,1284,176
1112,1285,275
1113,1286,63
1114,1287,150
1115,1288,153
1116,1289,26
1117,1290,110
1118,1291,298
1119,1292,379
1120,1293,379
5903,7562,239
1122,1295,84
1123,1296,192
1124,1297,196
1125,1298,375
1126,1299,339
1127,1300,38
1128,1301,380
1129,1302,381
1130,1303,264
1131,1304,176
1132,1305,97
1133,1306,382
1134,1307,16
1135,1308,316
1136,1309,25
1137,1310,383
1138,1311,58
6465,8166,110
6462,1312,269
1141,1314,384
3414,1315,1168
1143,1317,385
1144,1318,386
1145,1319,387
1146,1320,388
1147,1322,110
1148,1321,313
1149,1323,99
1150,1324,48
1151,1325,389
1152,1326,197
1153,1327,217
1154,1328,133
1155,1329,200
1156,1330,66
1157,92,50
1159,1332,390
1160,1333,391
1161,1334,391
1163,1335,120
1164,1336,392
1165,1337,39
1233,1405,184
1167,1339,393
1168,1340,58
1169,1341,201
1170,1342,93
1171,1343,75
1172,1345,93
1173,1344,50
1174,1346,63
1175,1347,16
3193,3461,1121
1177,1349,110
1178,1350,93
1179,1351,394
1180,1352,16
1181,1353,250
1182,1354,93
1183,1355,64
1184,1356,110
1185,1357,110
1186,1358,25
1187,1359,72
1188,1360,206
1189,1361,48
1190,1362,25
1191,1363,395
1192,1364,217
1193,1365,396
1194,1366,397
1195,1367,269
1196,1368,122
1197,1369,398
1198,1370,66
1199,1371,399
1200,1373,110
1201,1372,110
1202,1375,83
1203,1376,149
1204,1378,239
1205,1379,48
1206,1381,141
1207,1382,400
1208,1383,173
1209,1384,10
1210,1385,150
1211,1386,110
1212,1387,401
1213,1388,187
1214,1389,402
1215,1390,113
1216,1391,16
1217,1392,153
1218,1393,403
1219,1394,367
1760,1546,128
1221,1396,404
6698,1397,83
1223,1398,405
1224,373,10
1225,1400,132
1226,1401,113
3257,3342,1126
1286,1403,308
3246,1404,430
1231,1190,83
1234,1406,408
1235,1407,48
1236,1408,165
1237,1410,409
3232,3886,48
1239,1412,410
1240,1413,150
1241,1414,197
1242,1415,187
1243,1416,149
1244,1417,10
1245,1418,48
1246,1419,149
1247,1420,347
1248,1421,247
1249,1422,225
1250,1423,84
1251,1424,411
1252,1426,120
1253,1427,196
1254,1428,75
1255,1429,110
1256,1430,375
1257,1431,10
1258,1432,412
1259,1433,64
1260,1434,48
1261,1435,64
1262,1436,2
1263,1437,93
1264,1438,110
1265,1439,110
3946,5079,1119
1267,1441,113
1268,1442,75
1269,1443,240
1270,1195,25
1276,551,308
1290,1447,113
1291,1448,394
1292,1449,353
1293,1450,409
1294,1451,409
1295,1452,409
1296,156,83
1298,1454,413
1299,1455,361
1300,1456,10
1301,1457,150
1302,1458,122
1303,1459,414
1304,1460,2
1305,1461,187
1306,1462,275
1307,1463,275
1308,1464,187
1309,1465,275
1310,1466,308
1311,1468,70
1312,1469,64
1313,1470,144
1314,1471,124
1315,1472,132
1316,1473,189
1317,1474,110
1318,1475,191
1319,697,191
1323,1477,10
1324,1478,48
1325,1479,187
1326,1480,160
1327,1481,141
1328,1482,110
1329,1483,122
1330,1484,415
1331,1485,197
1472,1661,308
1333,1487,72
1334,1488,68
1335,1489,50
1336,1490,284
1337,1491,48
1338,1492,93
1339,1493,63
1340,1494,16
1341,1495,187
1342,1496,141
1343,1497,416
1344,1498,191
1345,1499,72
1346,1500,304
1347,1501,122
1348,1502,239
3433,1503,93
1350,1504,122
1351,1505,332
1484,1672,206
1353,1507,191
1354,1508,319
1355,1509,197
1356,1510,417
1357,1511,418
1358,1512,234
1359,1513,39
1360,1514,200
1361,1515,110
1362,1516,48
1363,1517,201
1364,1518,10
1365,1519,60
1366,1520,419
1367,1521,113
1368,1522,420
1369,1524,58
1370,1523,421
1371,1525,83
1372,1526,150
1373,1528,302
1374,1529,70
1375,1527,70
1376,1530,10
1377,1532,63
1378,1533,63
1379,1534,10
1380,1535,212
1381,1536,176
1382,1537,248
1383,1538,97
1384,1539,295
1385,1540,76
1386,1541,99
1789,76,4
1388,1543,153
1389,1544,93
1390,1545,206
1761,1948,319
1392,1547,110
1393,1548,167
1394,1549,63
1395,1550,140
1396,1551,422
1397,1552,289
1398,1553,113
1399,1554,300
1400,1555,423
1401,1556,424
2628,3763,99
1403,1558,191
1404,1559,308
1405,1560,308
1406,1561,165
1407,1562,425
1408,1563,48
1409,1564,308
1410,1565,108
1411,1566,307
1412,1567,108
1413,1568,108
1414,1569,56
1415,1570,56
1416,1571,132
1417,1572,426
1418,1573,191
1419,1574,308
1420,1575,64
1421,1592,44
1422,1613,10
1423,1614,329
1424,1615,317
3259,1616,427
1427,1617,60
1428,1619,10
1429,1618,25
1430,1620,48
1431,1621,18
1432,1622,187
1433,1623,221
1434,1625,48
1435,1626,120
1436,1627,120
1437,1628,97
2594,3360,165
1439,1630,120
1440,1631,428
1441,1632,329
1442,1633,275
1443,1634,220
1444,1635,66
1445,1636,222
1446,1637,252
1447,1638,429
1448,1639,93
1449,1640,58
1450,1641,83
1451,1137,317
1455,1644,99
3428,1645,811
1457,1646,431
1458,1647,366
1459,1648,48
1460,1649,18
1461,1650,205
1462,1651,308
1463,1652,83
1464,1653,110
1465,1654,302
3170,3464,150
1828,1656,254
1468,1657,93
1469,1658,132
1471,1486,173
1473,1662,18
1474,1663,93
1475,1664,48
1476,1665,26
1477,1666,10
1478,1667,132
1479,1668,191
1480,1669,432
1483,1671,66
1482,1670,50
1485,1673,110
1486,1674,433
1487,1675,88
1488,1676,335
3279,877,300
1490,1678,434
1491,1679,110
3231,3473,627
1493,1681,70
1494,1682,212
2623,2712,1087
1496,1684,18
1497,1685,18
1498,1686,18
1499,1687,48
1500,1688,197
1501,1689,25
1502,1690,120
1503,1691,58
1504,1692,173
1505,1693,436
1506,1694,196
1507,1695,10
1508,1696,39
1509,1697,206
1510,1698,371
1511,1699,63
1512,1700,417
1513,1701,121
3256,3349,1133
1515,1703,437
1516,1704,176
1517,1705,48
1520,1706,187
1519,1707,113
1521,1708,133
1522,1709,16
1523,1710,18
1524,1711,438
1525,1712,57
1526,1713,264
1527,1714,70
1528,1715,140
1529,1716,187
1530,1717,93
1531,1718,144
1532,1719,94
1533,1720,308
1534,1721,57
1535,1722,120
1536,1723,39
1537,1724,197
1538,1725,396
1539,1726,439
1540,1727,133
1541,1728,363
1542,1729,280
1543,1730,26
1544,1731,304
1545,1732,4
1546,1733,83
1547,1734,122
1548,1735,83
1549,1736,371
1550,1737,25
1551,1738,93
1552,1739,30
1553,1740,128
1554,1741,10
1555,1742,345
1556,1743,184
1557,1744,75
1558,1745,171
1559,1746,110
1560,1747,18
1561,1748,197
1562,1749,275
1563,1750,275
1564,1751,64
1565,1752,308
1566,1753,48
1567,1754,191
1568,1755,440
1569,1756,378
1570,1757,10
1571,1758,70
1572,1759,234
1573,1760,39
1574,1761,10
1575,1762,394
1576,1763,10
1577,1764,420
1578,1765,441
1579,1766,150
1580,1767,442
1633,1820,113
1582,1769,153
1583,1770,167
1584,1771,308
2909,4102,26
1586,1773,48
1587,1774,70
1588,1775,167
1589,1776,167
1590,1777,110
1591,1778,58
1592,1779,150
1593,1780,319
1594,1781,187
3649,1782,141
1596,1783,200
1597,1784,120
1598,1785,204
6143,4678,928
1600,1787,443
1601,1788,147
1602,1789,150
1603,1790,200
1604,1791,83
1605,1792,76
1606,1793,16
1607,1794,84
1608,1795,396
1609,1796,396
1610,1797,48
1611,1798,269
1612,1799,66
1613,1800,178
1614,1801,173
1615,1802,79
1616,1803,204
1617,1804,352
1618,1805,444
1619,1806,442
1620,1807,39
1621,1808,173
1622,1809,308
1623,1810,445
1624,1811,16
1625,1812,16
1626,1813,446
1627,1814,63
1628,1815,150
1629,1816,121
1630,1817,50
1631,1818,447
1632,1819,197
1634,1821,94
1635,1822,58
1636,1823,206
1637,1824,295
1638,1825,56
1639,1826,39
1640,1827,110
1641,1828,25
1642,1829,48
1643,1830,18
1644,1831,165
1645,1832,308
1646,1833,396
1647,1834,110
1648,1835,16
1649,1836,48
1650,1837,448
1651,1838,48
1652,1839,173
1653,1840,122
1654,1841,25
1655,1842,66
1656,1843,202
1657,1844,97
1658,1845,16
1659,1846,18
1660,1847,250
1661,1848,18
1662,1849,18
1663,1850,48
1664,1851,50
1665,1852,25
1666,1853,60
1667,1854,60
1668,1855,449
3456,4571,60
1670,1858,141
1671,1857,150
1672,1859,110
1673,1860,176
1674,1861,79
1675,1862,312
1676,1864,18
1677,1863,196
1678,1865,18
1679,1866,18
1680,1868,450
1681,1867,10
1682,1869,16
1683,1870,18
1684,1871,25
1685,1873,18
1686,1874,184
1687,1875,72
1688,1876,72
1689,1877,141
1690,1878,48
1691,1879,25
1692,1880,141
1693,1881,18
1694,1882,58
1695,1884,10
1696,1885,316
1697,1886,451
1698,1887,48
1699,1888,150
1700,1889,308
1701,1890,97
3262,385,1135
2409,3372,150
1704,1892,255
1705,1893,16
1706,1894,132
1707,1895,70
1708,1896,412
1709,1897,352
1710,1898,141
1711,1899,308
1712,1900,25
1713,1901,18
1714,1902,376
1715,1903,25
1716,1904,25
1717,1905,25
1718,1906,25
1719,1907,197
1720,1908,70
1721,1909,93
1722,1910,451
1723,1911,25
1724,1912,110
1725,1913,83
1726,1914,275
1727,1915,453
1728,1916,64
1729,1917,64
1730,1918,64
1731,1919,64
1732,1920,176
1733,1921,120
1734,1922,110
1735,1923,454
1736,1924,93
1737,1925,176
1738,1926,176
1739,1927,84
1740,1928,208
1741,1929,25
1742,1930,18
1743,1931,250
1744,1932,455
1745,1933,18
1746,1934,18
1747,1935,451
1748,1936,456
1749,1937,457
1750,1938,191
1751,1939,250
1752,1940,250
1753,1941,305
1754,1942,50
1755,1943,16
3068,1944,1117
2624,2702,1066
1758,1395,128
1762,1949,173
1763,1950,58
1764,1951,458
3384,1952,1158
1766,1953,141
3267,1954,49
1768,953,459
1769,1956,371
1770,1957,46
1771,1958,46
1772,1960,46
1773,1961,460
3268,1962,49
1777,1966,209
1776,1964,154
1778,1967,76
3128,1971,58
1780,1970,171
1781,1972,18
1782,1973,110
1783,1974,197
1784,1975,110
1785,1976,335
1817,300,8
1787,1402,284
1796,1984,126
1875,2128,493
1967,1987,801
2627,2109,1090
1860,1990,497
2150,1991,914
1802,1994,464
2172,1996,920
3263,1999,924
3666,4685,171
2786,2010,1103
2783,3965,1037
3211,2018,18
2743,2025,1100
1810,1683,99
1812,2001,471
1813,2030,48
3202,4439,99
1819,2033,165
1820,2034,165
1968,2045,802
1822,2046,472
1823,2047,473
1857,2049,496
3255,2050,1132
1826,2052,440
3254,2053,1131
1829,2054,64
1830,2059,476
1831,2058,476
1832,2064,419
1850,2108,486
1834,2072,121
3242,3573,72
1836,2076,480
1837,2077,79
1838,2078,79
4239,2079,62
3123,1380,25
1842,2087,196
1866,270,629
1844,2091,84
1845,1189,84
1847,2102,482
1848,2104,479
1849,2065,479
1858,2112,496
1887,2113,771
1853,2118,488
1854,2123,490
3448,2947,1173
1856,2125,493
1867,271,628
1871,1977,84
1872,363,140
1873,2014,634
1886,2130,770
1877,2133,635
3293,273,18
1879,2135,88
1880,1444,48
1881,2137,132
1882,2138,16
1883,2139,16
1884,2140,25
1885,2127,636
1888,2143,487
1889,2144,772
1890,2148,773
1891,2153,775
1892,2163,776
1893,2164,777
1894,2178,778
1913,2232,622
1896,2188,779
1897,2189,780
1898,2190,781
1916,2251,19
1900,2192,782
1914,2194,792
1902,2196,781
3443,2198,247
1904,2202,784
1905,2204,784
1906,2205,120
1907,2210,785
1908,2225,786
1909,2227,787
1910,2228,788
1915,2250,99
1912,2231,791
1917,2126,493
1918,2240,793
1921,2252,99
1922,2256,99
2002,2191,795
1924,2220,796
1925,2248,431
1926,2254,26
1927,2259,99
1928,2262,26
1929,2263,99
1930,2264,195
1931,2265,99
1932,2266,99
1933,2267,26
1934,2269,99
1935,2270,99
1936,2271,26
1937,2274,797
2003,2372,305
2005,2377,390
1940,2277,26
1941,1577,124
1942,2279,798
1943,2280,26
1944,2281,26
1945,2288,99
1946,2289,99
1947,2291,19
1969,2329,26
1949,2293,27
1950,2294,27
1951,2295,26
1952,2296,27
1953,2298,27
1954,2312,324
1955,2313,799
1957,2315,27
2004,2376,811
1959,2316,99
1960,2317,799
1961,2318,799
1962,2319,799
1963,2322,163
1964,2324,799
1965,2325,799
1970,2330,305
1971,2331,124
1972,2332,124
1973,2333,20
1974,2334,124
1976,2337,803
1977,2338,803
1978,2339,803
1979,2340,803
1980,2341,803
1981,2342,803
1982,2343,803
1983,2344,20
1984,2346,395
1985,2348,395
1986,2350,370
1987,2351,804
1988,2352,804
1989,1988,805
1991,2356,808
1992,2358,809
1993,2360,810
2582,3498,110
1995,2363,811
1996,2367,390
1997,2368,124
1998,2369,124
1999,2370,26
2000,2371,305
2001,2187,812
2006,2378,390
2007,2379,314
2008,2380,314
2009,2381,314
2010,2382,813
2011,2383,813
2012,2384,813
2013,2385,814
2014,2386,815
2015,2388,816
2016,2389,817
2017,2392,818
2967,4165,110
2019,2395,819
2020,2396,820
2021,2397,206
2022,2401,20
2908,4101,26
2024,2403,305
2025,2404,26
2026,2402,821
2027,2405,822
2028,2408,823
3278,2413,824
2030,2414,825
2031,2416,827
2032,2424,828
2033,2425,829
2034,2426,830
2035,2427,831
2036,2428,832
2037,2430,833
2038,2433,832
2039,2434,834
2040,2435,835
2041,2436,836
2042,2437,837
2043,2439,838
2044,2440,839
2045,2328,799
2046,2442,811
2047,2444,840
2048,2445,841
2049,2446,842
2050,2447,843
2051,2448,772
2052,2449,844
2053,2450,845
2054,2451,846
2055,2456,847
2056,2457,848
2057,2458,849
2058,2461,850
2059,2465,851
2060,2469,852
2061,2470,853
2062,2471,854
2063,2472,855
2064,2473,856
2065,2474,857
2066,2475,858
2067,2476,859
2068,2477,860
2069,2479,861
2070,2480,862
2071,2481,863
2072,2482,229
2097,2544,26
2074,2203,864
2075,2486,865
2076,2487,283
2077,2489,866
2078,2490,867
2079,2491,72
2080,2496,868
2081,2499,869
2082,2501,870
2083,2502,871
2084,2506,872
2085,2507,873
2086,2510,874
2087,2511,875
2088,2517,876
2089,2522,877
3429,2523,431
2091,2525,878
2092,2531,879
2093,2534,880
2094,2536,881
2095,2538,882
2096,2540,883
2098,2545,26
2099,2546,19
2101,2548,803
2104,2552,886
2105,2553,887
2107,2561,889
2108,2564,890
2109,2565,891
2110,2566,892
2111,2567,893
2112,2568,894
2113,2570,895
2114,2574,896
2115,2575,897
2116,2576,897
2117,2577,898
2118,2578,899
2119,2579,900
2120,2581,901
2121,2582,390
2122,2583,99
2123,2585,19
3651,2615,1255
2125,2588,99
2126,2589,902
2127,2590,903
2128,2593,904
2129,2594,905
2130,2595,905
2131,2596,906
2132,2597,907
2133,2599,897
2134,2600,908
3265,2608,1137
2136,2609,246
2137,2610,261
2138,2611,261
2139,2612,261
2140,2614,197
2141,2616,909
2142,2617,283
2143,2624,911
2144,2634,913
2145,2636,26
2147,2637,27
2148,2638,27
2149,2645,99
2151,1989,915
2152,2646,99
2153,2647,26
2154,2648,26
2155,2649,99
2156,2650,390
2157,2652,99
2158,2653,27
2159,2654,26
2160,2655,27
2161,2656,26
2162,2657,26
2163,2659,26
2164,2660,19
2165,2661,195
2166,2663,187
2167,2662,916
2168,2639,916
2169,2665,917
2170,2700,918
2171,2694,919
2173,2717,885
2174,2707,921
2175,2720,922
2176,2721,923
3272,4447,146
2178,2727,925
2179,2728,926
2180,477,8
2181,476,8
2182,2736,927
2183,2739,824
2184,352,928
2185,354,140
2186,355,140
3340,337,120
2188,2791,496
3436,2828,491
3438,4119,10
2191,2793,496
3663,2152,997
2193,2806,930
2194,2848,931
2200,2923,528
2198,2903,784
2199,2908,784
2201,2925,528
2202,2926,628
3665,4692,110
2204,2944,628
2205,2952,528
2206,2961,863
2207,2962,528
2208,2970,863
2209,2975,627
2210,2976,629
2211,2989,868
2212,2953,900
2213,2954,900
2214,2955,932
2215,2971,863
2216,2919,933
2217,2927,934
3320,2928,939
2219,2935,934
2220,2932,936
2221,2941,937
2222,2950,938
3234,3968,39
2224,2965,939
2225,2864,940
2226,2221,941
2227,2176,942
2228,2886,943
2229,1997,944
2230,2901,945
2231,2984,946
2232,2986,947
2233,2987,948
2234,2991,949
2235,2992,950
2236,2731,951
2237,2993,952
2238,2994,953
2239,2995,954
2240,2996,955
2241,2997,956
2242,2998,957
2243,2999,958
2244,3001,959
2245,3002,960
2246,3006,830
3646,2186,1253
2249,3040,116
2250,3042,212
2251,3078,773
2252,3097,856
2253,3102,860
3264,3113,1136
2255,3121,907
2256,3007,961
2257,3031,962
2258,3089,963
2259,3090,964
2260,3092,965
2261,3093,966
2262,3094,967
2263,3101,968
2264,3103,969
2265,3104,970
2266,3105,971
2267,3108,972
2268,3111,973
2269,3112,974
2270,3114,975
2271,3115,976
2272,3116,976
2273,3120,935
2274,3123,977
2275,3124,978
2276,3125,979
3216,3033,980
2278,3036,981
2279,3010,982
2280,3014,983
2281,3017,984
2282,3019,985
2283,3020,986
2284,3021,987
2285,3022,988
2286,3025,989
2287,3027,990
2288,3074,991
2289,3077,992
2290,3079,993
2291,3080,994
2292,3081,995
2293,3082,996
3459,2199,1174
2295,3024,998
2296,3059,999
2297,3060,1000
2298,3061,1001
2299,3062,1002
2300,3064,1003
2301,3065,1004
2302,3071,1005
2303,3037,1006
2304,3039,1007
2305,3053,1008
2306,3057,1009
2307,3056,1010
2308,3051,1011
2310,3043,1013
2311,3044,1014
2312,3048,1015
2313,3049,1016
2314,3132,153
2581,3337,187
2322,3135,627
2317,3145,629
2318,3152,978
2319,3166,93
2320,3171,401
2321,3174,396
2323,3176,259
2324,3180,110
2325,3181,298
2326,3183,217
2327,3184,308
2328,3191,122
2329,3196,178
3271,3136,280
2332,950,25
2333,3249,93
2334,3253,496
2335,3296,476
2336,3143,1017
2337,3144,1018
2338,3146,1019
2339,3147,1020
2340,3148,1021
2341,3150,1022
2342,3153,1023
2343,3156,1024
2344,3157,1025
2345,3158,1026
2346,3307,1026
2347,3163,1027
2348,3165,1028
2349,3167,1029
2350,3269,1030
2351,3277,1031
2352,3175,197
2353,3168,1032
2354,3185,1033
2355,3188,1034
2356,3189,451
2357,3197,1036
2358,3198,1037
2359,3199,1038
2360,3280,1039
2361,3266,1040
2362,3258,1041
2363,3302,1042
2364,3303,1043
2365,3305,1044
2366,3304,1045
2367,3306,1046
2368,3208,1047
2369,3205,1048
2370,3212,1049
2371,3215,1050
2373,3221,1051
2374,3251,1052
3424,3353,72
2376,3252,1053
3425,3241,41
2378,3254,1055
2379,3294,1056
2380,3295,1057
2381,3299,1058
2382,2000,1059
2383,2026,1060
2384,3228,1061
2385,3229,1062
2386,3230,1063
2387,3238,1064
2388,3264,1065
2389,3284,1066
2390,3240,1067
2391,3313,39
2392,3314,187
2393,3315,93
2394,3317,25
2395,3318,110
2396,3328,217
2397,3327,10
2398,3329,456
2399,3330,39
2400,1993,1068
2401,3351,93
2402,3367,187
2403,3369,120
2742,2020,1099
2405,3390,110
2406,3398,399
2407,391,168
2410,3407,250
3260,2701,497
2412,3406,122
2413,3420,10
2414,3423,39
2415,3429,25
2416,3434,25
2417,3438,132
2418,3442,110
2420,3448,249
2421,3452,206
3209,3615,25
2423,1581,437
2424,3459,87
2425,3462,18
2426,3467,187
2427,3469,93
2428,3474,629
2429,3481,206
2430,3491,39
2431,3494,361
2432,2698,1071
3511,4586,1185
2434,3513,10
2435,3553,57
2436,3554,259
2437,3555,120
2438,3556,32
2439,3557,302
2440,3558,302
2441,3559,302
2442,3560,302
6328,3561,113
2444,3562,120
2445,3563,160
2447,3575,165
2448,3576,97
3513,4587,629
2450,3587,121
2451,3588,64
2452,3589,93
2453,3590,141
2454,3593,110
2455,3594,110
2456,3596,308
2457,3598,75
2458,3599,64
2459,3600,150
2460,3601,72
2461,3603,75
2462,3605,150
2463,3533,18
2464,3606,1072
2465,3608,149
2466,3609,212
2467,3610,110
2468,3611,39
2469,3612,110
2470,3613,240
2471,3616,48
2472,3617,43
2473,3618,43
2474,3619,43
2475,3621,97
2476,3623,313
2477,3624,48
2478,3635,72
2479,3636,110
2480,3637,73
2481,3638,337
2482,3639,178
2483,3640,76
2484,3641,132
2485,3642,25
2486,3643,60
2487,3586,25
2488,3646,110
2489,3647,97
2490,3649,120
2491,3651,10
2492,3652,110
2493,3653,25
2494,3655,25
2495,3656,84
2496,3657,803
2497,3659,302
3512,4588,629
2499,3662,88
2500,3663,10
2501,3664,110
2502,3669,225
2503,3670,110
2504,3671,140
2505,3672,97
3435,4004,176
2507,3676,187
2508,3677,371
2509,3679,225
2510,3644,300
2511,3680,225
2512,3681,18
2513,3682,250
2514,3683,64
2515,3685,84
2516,3686,196
2517,3687,1073
2518,3688,76
2519,3689,204
2520,3690,381
2521,3691,87
2522,3692,1074
2523,3693,110
2524,3694,25
2525,3695,250
3662,974,110
2527,3697,629
2528,3698,97
2529,3699,208
2530,3700,70
2910,4103,26
2532,3702,10
2533,3703,72
2534,3704,110
2535,3705,10
2536,3706,94
2537,3707,83
2538,3708,798
2539,3709,371
2540,3710,110
2541,3711,76
2542,3712,94
2543,3725,18
2544,3726,192
2545,3727,58
2546,3728,110
2547,3729,50
2548,3730,72
3644,2323,809
2550,3732,149
2551,3733,122
2552,3735,10
2553,3736,150
2554,3737,120
2555,3741,18
2556,3742,221
2557,3743,75
2558,3744,64
2559,3745,319
2560,3746,97
2561,3747,132
2562,3748,144
2563,3749,72
2564,3752,10
2565,3753,10
2566,3754,10
2567,3755,87
2568,3758,92
2570,3751,173
2571,3750,1076
2572,3756,1077
2573,3757,1078
2574,3628,252
2575,3625,448
2576,3633,448
3150,3534,84
2579,457,290
2580,3592,1081
2741,2022,1098
2585,3762,18
2586,333,18
2587,3391,319
2590,3484,900
3508,3465,250
2592,3521,120
2593,3546,132
3359,420,10
2596,416,1083
2597,417,10
2598,3193,304
2599,3519,72
2600,3403,39
2601,3511,250
2602,3525,167
2603,3388,629
3454,3289,471
2629,3764,118
2607,3739,121
2608,3504,173
2609,3490,110
2610,3570,64
2611,2278,124
2613,3357,110
2614,3427,121
2618,421,10
2616,3381,977
2619,3380,977
2620,3471,1085
2621,3379,83
2622,3466,1086
2625,2695,1088
2626,2705,1089
2630,3766,110
2631,3767,70
2632,3770,48
2633,3771,10
2634,3772,313
2635,3773,25
2636,3774,10
2637,3775,176
2638,3779,25
2639,3780,10
2640,3781,197
2641,3782,1091
2642,3783,88
2643,3784,10
2644,3785,25
2645,3786,110
2646,3787,308
2647,3788,10
2648,3789,63
2649,3790,10
2650,3791,25
2651,3792,10
2652,3793,1092
2653,3794,10
2654,3795,110
2655,3796,25
2656,3798,48
2657,3797,110
2658,3799,10
2659,3800,374
2660,3802,110
2661,3804,36
2662,3805,10
2663,3806,25
2664,3807,10
2665,3808,10
2666,2021,1093
2667,3820,10
2668,3568,110
2669,3658,10
2670,3821,10
2671,3822,110
2672,3823,110
3453,2485,30
2674,424,110
2675,3825,10
2676,3826,38
2677,3827,38
2678,3828,110
2679,2483,431
2680,2542,431
2681,2541,431
2682,2543,431
2683,425,110
2684,3833,57
2685,3834,57
2686,3835,141
2687,2584,19
2688,3838,798
2689,3839,798
2690,3840,259
2691,3841,259
2692,3848,48
2693,3849,290
2694,3852,99
2695,3853,437
2696,3854,110
2697,3855,110
2698,3856,26
2699,3857,110
2700,3858,10
2701,3859,798
2702,3860,291
2703,3861,378
2704,3862,128
2705,3863,128
2706,3865,128
2707,3866,38
2708,3867,38
2709,3868,38
2710,3869,48
2711,3870,39
3642,3265,1250
2713,3872,18
2714,3873,18
2715,3874,18
2716,3875,176
2717,3876,110
2718,3877,10
2719,3878,219
2720,3880,83
2721,3881,83
2722,3882,176
2723,3456,110
2724,3885,48
2725,3887,56
2726,3888,39
2727,3889,110
2728,3890,63
2729,1409,10
2730,3893,176
2731,3894,10
3328,448,26
2733,3897,176
2734,3898,25
2735,3899,26
2736,3832,1095
2739,3830,1096
2740,3850,1097
2744,479,108
2745,3900,132
2746,3901,110
2747,3907,110
2748,3908,110
2749,3909,110
2750,3910,110
2751,3911,110
2752,3912,110
2753,3913,110
3450,4568,10
2755,3915,150
2756,3916,110
2757,3918,10
2758,3919,353
2759,3920,219
2760,3921,1076
2761,3923,441
2762,3924,323
2763,3925,1076
3313,3928,57
2765,3930,160
3314,3929,57
3400,3935,120
2768,3936,187
2769,3940,120
3410,129,1167
2771,3944,76
2772,3945,176
2773,3953,16
2774,3954,133
2775,3955,223
2776,3547,206
2777,3138,1101
2778,3956,108
3273,4446,184
2780,2008,1102
3339,336,132
2782,3964,304
2784,3966,110
2785,2015,1103
2787,2012,1093
2788,3969,10
2789,3970,110
2790,3542,110
2791,3971,58
3213,3972,629
2793,3973,110
2794,3974,176
2795,3975,10
2796,3976,176
3184,3977,629
2798,3978,454
2799,3979,365
2800,3980,365
3446,1060,302
2802,3982,337
2803,3984,149
2804,3985,176
2805,3987,225
3449,3937,10
2807,3989,201
2808,3990,245
2809,3991,173
2913,4105,110
2811,75,343
2812,3996,225
3634,3895,176
2814,3999,176
2815,4000,110
2816,4005,63
2817,4006,25
2818,4007,120
2819,4008,1076
2820,4009,1076
2821,3505,132
2822,4011,39
2823,4012,48
2824,4013,212
2825,3248,110
2826,4014,176
2827,4015,110
2828,4016,110
2829,4017,176
2830,4018,75
2831,4019,75
2832,4020,143
2834,4021,313
3108,4416,66
2836,4023,256
6548,8254,458
2838,4025,113
2839,4026,10
2840,4027,176
2841,4028,10
2842,4029,176
2843,4030,110
2844,4032,110
2845,4033,10
3249,4353,306
2847,4035,25
2848,4036,308
2849,4037,18
2850,4038,133
2851,4039,140
2852,4040,217
2853,4041,217
2854,4042,110
2855,4044,302
2856,4045,1105
2857,3564,302
2858,4047,319
2859,4048,352
2860,1209,93
3171,3483,316
2862,4050,66
3409,4051,25
2864,4052,141
2865,4053,173
2866,4054,93
2867,4055,48
2868,4056,110
2869,4057,110
2870,4058,10
2871,4059,10
2872,4060,176
2873,4061,176
2874,3567,10
2875,4062,10
2876,4063,302
2877,4064,57
2878,4065,57
2879,4066,290
2880,4067,437
2881,4068,48
2882,3524,48
2883,4069,275
2884,4070,150
2885,4071,150
2886,4072,25
2887,4073,183
2888,4074,173
2889,4075,18
2890,4076,48
2891,4078,1106
3444,4440,10
2893,4081,84
2894,4082,110
2895,4083,1107
2896,4084,76
2897,4085,346
2898,4086,217
2899,4087,39
2900,4088,176
2901,4089,39
2902,4090,110
2903,4091,322
2904,4092,141
3175,4093,627
2906,4094,93
3442,1968,363
2911,4104,26
2914,4106,176
2915,4107,176
2916,4108,110
2917,4110,10
2918,4112,68
3203,4441,110
2920,4114,176
2921,4115,176
2922,4120,176
2923,4121,133
2924,4122,173
2925,4123,173
2926,4124,25
2927,4125,121
2928,4126,176
3212,4010,1076
2930,4128,176
2931,4129,418
2932,4130,176
2933,4131,10
2934,4132,121
2935,4133,18
2936,4134,110
2937,4136,110
2938,4137,223
2939,4138,10
2940,4139,110
2941,4140,176
2942,4141,97
2943,4143,176
2944,4144,176
2945,381,10
2946,4146,25
2947,3133,153
2948,3819,153
2949,491,28
2951,4147,48
2952,4148,127
2953,4149,50
2954,4150,176
2955,4153,110
2956,3371,150
2957,4154,10
2958,4156,10
3441,4427,1133
2960,4158,110
2961,4159,121
2962,4160,176
2963,4161,250
2964,4162,110
2965,4163,176
3481,4589,120
2968,4166,75
2969,4168,63
2970,4169,10
2971,4170,10
2972,4171,25
2974,4172,149
2975,4173,217
2976,4174,93
2977,4175,352
2978,4176,39
2979,4178,187
2980,4179,10
2981,4180,176
2982,4181,110
2983,4182,4
2984,4183,202
3298,3815,374
2986,4185,38
2987,4186,57
2988,4187,202
2989,4188,57
2990,4189,38
2991,4190,70
2992,4191,16
2993,4192,176
2994,4193,58
2995,4194,187
2996,4195,176
2997,4196,110
2998,4197,75
2999,4198,39
3000,4201,66
3001,4202,48
3002,4203,56
3205,4443,16
3004,4205,16
3005,4206,176
3006,4207,176
3007,4208,10
3008,3482,132
3009,4210,39
3010,4212,176
3233,3967,110
3012,4214,223
3013,4215,25
3014,4216,149
3015,4217,120
3016,4218,72
3440,4560,346
3018,4220,10
3019,4221,110
3020,4222,50
3021,4223,191
3022,4224,72
3023,4225,48
3024,4226,132
3025,4227,30
3026,4228,58
3027,4229,308
3028,4230,1097
3029,4231,1097
3030,4232,150
3031,4233,150
3032,4235,149
3033,4239,48
3034,4240,206
3035,4241,187
3036,4242,275
3037,4243,25
3038,4244,58
3039,4245,58
3439,4559,346
3041,4249,48
3403,4250,58
3043,4254,56
3044,4255,64
3045,4256,64
3046,3361,76
3047,4257,18
3048,4258,58
3207,3537,306
3050,3382,48
3480,4557,10
3052,4264,167
3455,4573,628
3054,4177,1108
3055,4259,1108
3056,4111,1109
3057,4135,1110
3058,2547,1111
3059,4145,1112
3060,4238,1113
3261,2921,1134
3062,4261,1115
3063,4248,1116
3064,4266,269
3065,4269,153
3066,4272,50
3247,2175,1129
3070,3577,83
3391,266,1151
3072,265,84
3388,267,1161
3076,4291,43
3077,4295,84
3078,4298,224
3079,4303,333
3080,4305,318
3081,4306,73
3082,4308,190
3083,4310,132
3084,342,111
3085,4318,183
3086,4320,183
3087,4347,176
3088,4368,372
3089,4373,346
3090,4374,220
3091,4376,19
3092,4381,294
3093,4383,295
3094,4384,187
3095,4386,190
3096,4390,319
3097,4394,28
3098,1969,461
3099,4396,64
3100,4400,25
3101,4403,10
3102,4404,25
3103,4406,41
3104,4408,110
3105,4409,1118
3106,4411,1109
3107,4410,1109
3244,4418,798
3245,4419,798
3111,4420,329
3112,4431,16
3113,4379,1119
3235,3939,72
3115,4434,111
3116,4433,111
3117,350,275
3118,343,110
3119,347,63
3120,346,84
3121,3631,84
3125,377,173
3126,380,10
3127,1965,371
3129,3941,30
3130,3922,1076
3131,3879,323
3132,4209,10
3133,4152,132
3134,4095,93
3135,4031,928
3136,4077,150
3137,4117,176
3138,4359,280
3139,3884,110
3140,3883,110
3142,3440,235
3143,4118,176
3144,4151,176
3145,4200,18
3146,1963,1120
3147,3336,39
3148,3566,187
3149,3426,39
3151,2640,27
3152,2643,27
3153,2644,27
3154,3356,48
3155,2255,26
3156,3455,79
3157,4046,302
3159,1399,25
3160,326,16
3164,4424,245
3165,3389,217
3166,3386,76
3167,3316,187
3168,3487,48
3169,3488,48
3172,3355,361
3173,3545,121
3174,3178,627
3208,3347,48
3177,3580,1074
3178,3526,93
3180,3997,225
3181,3468,63
3182,4167,75
3183,3435,121
3185,4099,10
3186,3530,228
3187,4003,110
3188,4002,110
3189,4109,110
3190,3578,25
3191,4043,110
3192,3531,110
3194,3495,10
3195,184,1122
3198,3831,1096
3199,4100,928
3200,3906,110
3206,3326,140
3214,3574,110
3215,4199,217
3217,2273,26
3219,3385,48
3220,3173,136
3221,3182,48
3222,3579,25
3223,3378,631
3224,3528,120
3225,3983,110
3226,3927,441
3227,4237,258
3228,4280,1125
3229,3414,1126
3230,3190,10
3236,3933,160
3237,3932,160
3238,3934,160
3239,3931,160
3240,4288,1127
3241,4405,1128
3274,4445,93
3275,3186,420
3641,2006,1139
3277,3322,58
3280,4449,150
3281,360,140
3282,362,140
3283,359,140
3284,366,173
3285,369,110
3286,370,110
3287,372,1140
3288,375,1141
3289,378,1142
3290,382,10
3291,2136,1143
3292,2141,16
3296,2641,27
3297,492,84
3494,4270,1172
3495,4271,1172
3301,4246,58
3411,3460,120
3303,4312,323
3304,4313,323
3305,2032,1137
3306,328,31
3307,3396,168
3308,394,58
3309,3400,168
3310,3399,168
3311,3397,168
3312,1611,110
3315,4399,150
3319,2165,1145
3318,3072,1145
3321,2974,970
3322,2946,1146
3324,334,110
3325,335,144
3393,3522,361
3332,4484,97
3333,4499,206
3378,315,1081
3335,320,64
3336,321,64
3337,322,64
3341,348,10
3342,349,63
3344,398,122
3345,399,76
3346,401,189
3347,403,293
3348,404,41
3349,405,72
3350,406,1147
3351,442,31
3352,408,25
3353,411,25
3354,413,25
3355,412,25
3356,414,48
3357,4542,68
3358,419,110
3360,437,811
3361,443,437
3362,444,195
3363,449,64
3364,459,88
3366,461,176
3367,462,18
3368,465,64
3369,483,48
3370,484,25
3371,485,25
3372,486,48
3387,501,1160
3374,495,113
3380,3362,811
3389,546,1162
3397,3814,1163
3395,2979,900
3398,3458,25
3399,2393,1164
3401,4116,176
3402,4211,1165
3404,3376,1166
3407,4236,258
3408,3443,89
3415,3437,194
3417,4328,1170
3418,2642,27
3419,3837,1171
3421,2922,1172
3422,4562,831
3423,4561,1054
3426,4455,811
3432,4079,1142
3487,3454,1181
3451,4569,97
3452,4570,10
3457,4574,43
3667,4697,275
3460,4575,99
3470,4581,64
3462,4576,99
3463,4580,72
3464,3298,1176
3465,2532,1177
3466,3243,48
3467,3246,48
3468,3245,48
3469,3244,48
3471,3405,110
3472,3404,1178
3474,4592,176
3475,4578,108
3477,4585,628
3479,4582,628
3482,4428,339
3483,3366,187
3484,4624,173
3488,4627,140
3489,3516,459
3490,3520,1137
3491,4532,1182
3492,4603,110
3493,4623,10
3496,4479,45
3497,3582,64
3498,3581,64
3502,4413,269
3501,4412,269
3503,4462,48
3504,4633,110
3505,3436,1183
3507,3503,41
3514,2671,321
3515,3339,18
3516,3383,89
3517,3430,93
3518,4296,1144
3519,3476,93
3520,4337,1186
3521,4253,113
3522,2977,1134
3523,3428,25
3524,3480,1120
3525,3340,347
3526,4294,1142
3527,4369,329
3528,4252,111
3529,3512,173
3531,2468,936
3532,3255,1188
3533,3425,60
3534,2239,1189
3535,4365,75
3536,3047,1087
3537,2410,455
3539,3161,113
3540,2019,1191
3541,2498,1190
3542,4503,190
3543,3279,113
3544,1348,1192
3545,3041,113
3546,4358,19
3547,3645,196
3548,3415,1126
3549,3457,150
3550,3130,1193
3551,3160,1194
3552,2613,113
3553,3170,1195
3554,2982,321
3555,2493,1196
3556,2983,321
3557,2497,1197
3558,2500,1198
3559,2505,1199
3560,2635,27
3561,2737,1200
3562,1374,113
3563,4049,1192
3564,1531,113
3565,1883,58
3566,2518,496
3567,668,113
3568,3523,1201
3569,2924,1202
3570,2929,1203
3571,2930,1204
3572,3096,1205
3573,3099,1206
3574,3128,1207
3575,3278,1194
3576,3384,1208
3577,2478,1209
3578,2934,1210
3579,2958,1204
3580,4282,1211
3581,4285,1212
3582,4297,1213
3583,4325,1215
3584,4331,1214
3585,4335,1216
3586,4336,1186
3587,4338,1217
3588,4339,1218
3589,4611,1219
3590,4340,1220
3591,4341,1221
3592,3321,58
3593,2285,195
3594,3247,1126
3596,4278,363
3597,2460,784
3598,4632,132
3599,4352,189
3600,4393,160
3601,1655,1192
3602,3424,449
3603,3961,1222
3604,3994,1223
3605,4273,1224
3606,4279,1225
3607,4314,1226
3608,4342,1227
3609,4344,1214
3610,4346,1228
3611,4354,1229
3612,4377,1230
3613,4430,1231
3614,2459,1232
3615,2463,1233
3616,2464,1234
3617,2466,1235
3618,2563,1236
3619,2443,1237
3620,2559,1238
3621,2882,1239
3622,3091,1240
3623,3257,1237
3624,2421,1242
3625,2422,1243
3626,4640,1244
3627,2423,1245
3628,2043,1246
3629,3226,1247
3630,3239,1248
3631,4407,1249
3632,3532,938
3633,3713,628
3635,3149,1134
3636,2488,113
3637,3110,1134
3638,3943,110
3639,3565,217
3647,3055,1254
3650,2586,99
3652,3816,1256
3653,3817,1256
3654,2418,1257
3655,4642,381
3656,4643,97
3657,4644,18
3658,4645,18
3659,4646,108
3660,4650,62
3669,4698,176
3670,4699,275
3671,4674,1258
3672,4702,10
3673,4663,108
3674,4634,48
3675,4710,75
3676,4600,132
3677,4675,10
3678,4676,108
3679,4734,87
3680,1980,18
3681,3716,63
3682,3718,150
3683,3719,120
3684,3722,110
3685,3721,26
3686,4756,2
3687,4800,16
3688,4786,16
3689,4803,110
3690,4792,337
3691,4815,57
3692,4788,108
3693,4791,108
3694,4793,108
3695,4794,108
3696,4795,108
3697,4796,108
3698,4789,108
3699,4831,43
3700,4832,64
3701,4833,279
3702,4834,64
3703,4814,64
3704,4835,93
3705,4837,191
3706,4838,64
3707,4839,64
3708,4840,64
3709,4843,337
3710,4844,64
3711,4845,64
3712,4846,18
3713,4847,18
3716,4849,18
3715,4848,150
3718,4850,140
3719,4851,165
3720,4852,43
3721,4853,18
3722,4854,64
3723,4855,1109
3724,4857,48
3725,4858,48
3726,4865,48
3727,4866,64
3728,4867,64
3729,4868,64
3730,4869,64
3731,4870,64
3732,4871,64
6178,4872,72
3735,4874,250
3736,4875,48
6179,4876,132
6180,4878,132
6181,4879,132
3740,4880,205
3741,4881,39
3742,4882,64
3743,4713,437
3744,4885,64
3745,4886,371
6308,4903,257
3747,4888,64
3748,4889,48
3749,4890,120
3776,5586,816
3751,4714,437
3752,4715,160
3753,4883,437
3754,4942,1260
3755,4898,64
3756,4860,64
3757,4973,779
3758,4977,329
3759,4978,1137
3760,4948,321
3761,4949,1084
3951,5965,132
3763,4943,269
3764,4944,192
3765,4945,97
3766,4947,97
3767,4946,64
3768,4704,110
3769,4722,72
3771,4960,1137
3772,5583,83
3773,5584,2
3774,5585,165
3775,4636,64
3777,5587,84
3778,5590,374
3779,5591,437
3780,4940,108
3781,2725,1261
3783,5776,133
3784,5777,133
3785,5778,171
3786,5781,437
3787,5783,165
3788,5786,165
3789,5788,165
3790,5789,366
3791,5790,366
3792,5791,366
3793,5792,366
3794,5793,371
3796,5794,10
3797,5759,150
3799,5769,150
3800,5763,83
3801,5764,83
3802,5798,57
3803,5799,176
3804,5800,118
3805,5801,1124
3806,5802,140
3807,5803,121
3808,5804,88
3809,5805,111
3810,5807,10
3949,5808,122
3812,5809,75
3813,5810,110
3814,5811,110
3950,5962,108
3816,5813,64
3817,5814,110
3818,5815,110
3819,5816,140
3820,5819,132
3821,5822,150
3822,5828,142
3823,5829,18
3824,5830,1037
3825,5831,441
3826,5832,374
3827,5833,70
3828,5834,84
3829,5835,84
3830,5836,88
3831,5837,88
3832,5838,75
3833,5839,275
3834,5840,275
3835,5841,275
3836,5842,275
3948,5823,1207
3838,5844,1118
3839,5845,255
3840,5846,84
3841,5847,84
3842,5848,50
3843,5849,410
3844,5850,255
3845,5853,171
3846,5854,374
3847,5855,84
3848,5856,865
3849,5857,304
3957,5973,38
3851,5859,121
3852,5860,122
3853,5861,122
3854,5862,75
3855,5863,269
3856,5864,269
3857,5865,60
3858,5866,187
3859,5867,187
3860,5868,141
3861,5869,10
3954,5968,132
3952,5966,225
3953,5967,132
3947,5827,142
3866,5875,171
3867,5876,64
3868,5877,10
3869,5878,88
3870,5879,122
3871,5880,269
3872,5881,275
3873,5882,275
3874,5883,60
3875,5884,76
3876,5885,192
3877,5886,187
3878,5887,187
3879,5888,10
3880,5889,110
3881,5890,171
3882,5891,171
3883,5892,84
3884,5893,50
3885,5894,50
3886,5895,50
3887,5896,383
3888,5897,121
3889,5898,269
3890,5899,275
3891,5900,275
3892,5901,275
3893,5902,275
3894,5903,60
3895,5904,76
3896,5905,63
3897,5906,110
3898,5907,110
3899,5908,133
3900,5909,269
3901,5910,76
3902,5911,63
3903,5912,60
3904,5913,110
3905,5914,187
3906,5915,76
3958,5976,132
4885,6428,928
3909,5918,25
3910,5919,187
3911,5920,374
3912,5921,84
3913,5922,110
3914,5923,206
3915,5924,187
3916,5926,36
3917,5927,84
3918,5928,10
3919,5929,36
3920,5930,176
3956,5970,122
3923,5933,93
6546,5969,84
3925,5935,121
3926,5936,165
3927,5937,1249
3928,5938,18
3929,5939,75
3930,5940,64
3931,5941,75
6718,5942,191
3933,5944,366
3934,5945,75
3935,5951,171
3936,5952,250
5500,7084,424
3938,5954,18
3939,5955,18
3940,5956,10
3941,5957,1140
3942,5958,18
3943,5959,183
3944,5960,147
3959,5977,225
3960,5978,225
3961,5979,414
3963,5980,189
3964,5981,1117
3965,5982,208
3966,5983,414
3967,5984,308
3968,5985,189
3969,5986,414
3970,5987,84
3972,5989,26
3973,5990,68
3974,5991,68
3975,5992,225
3976,5993,225
3977,5994,239
3978,5995,258
3979,5996,144
3980,5997,273
3981,5998,48
3982,5999,93
3983,6000,72
3984,6001,239
3985,6002,225
3986,6006,225
3987,6007,225
3988,6008,225
3989,6009,225
3990,6010,2
3991,6011,2
3994,6014,62
6562,6017,308
3996,6018,68
3997,6020,254
3998,6021,154
3999,6023,192
4000,6024,208
4001,6022,132
4002,6026,132
4003,6028,389
4004,6029,16
4006,6030,313
4007,6031,60
4008,6032,1147
4009,6033,50
4010,6035,250
4011,6036,167
4012,6037,60
4013,6038,1140
4014,6039,50
4015,6040,286
4016,6041,88
4017,6043,64
4018,6044,88
4019,6045,88
4075,6046,83
4021,6047,83
4022,6048,110
4023,6049,50
5655,7207,168
4025,6050,84
4026,6052,233
4027,6053,50
4028,6054,50
4029,6055,50
4030,6056,18
4031,6057,1249
5854,6058,26
4033,6059,64
4034,6060,165
4035,6061,64
4036,6062,187
4037,6063,64
4038,6064,371
4039,6065,93
4040,6066,935
4041,6068,191
4042,6069,187
4043,3724,206
4044,6070,58
4045,6071,122
4046,6073,173
4047,6074,10
4048,6075,217
4049,6076,88
4050,6078,358
4051,6080,25
4052,6083,50
4053,6084,1207
4054,6086,1211
4055,6087,108
4056,6088,16
4057,6089,430
4058,6090,183
4060,6092,120
4061,6093,414
4063,6095,58
4064,6096,187
4065,6097,10
4067,6099,384
4068,6100,319
4069,6101,1262
4070,6102,173
4071,6103,16
4072,6104,84
4073,6105,50
4074,6106,110
4076,6108,93
4077,6109,64
4078,6110,141
4079,6111,18
4080,6112,217
4081,6113,141
4082,6114,93
4083,6115,141
4084,6116,93
4085,6117,10
4086,6118,93
4087,6119,335
4088,6120,302
4089,6121,25
4090,6122,93
4091,6123,93
4092,6124,93
4093,6125,60
4094,6126,824
4095,6127,93
4096,6128,48
4097,6129,48
4098,6130,60
4099,6131,93
4100,6132,93
4101,6133,48
4102,6134,118
4103,5713,70
4104,6135,212
4105,6136,48
4106,6137,25
4107,6139,93
4108,6140,93
4109,6141,56
4110,6142,165
4111,6143,165
4112,6144,165
4113,6145,165
4114,6146,50
4115,6147,84
4116,6148,410
4117,6149,300
4118,6150,93
4119,6151,84
4120,6152,50
4121,6153,111
4122,6154,50
4123,6155,84
4124,6156,1263
4125,6157,50
4126,6158,50
4127,6159,10
4128,6160,25
4129,6161,25
4130,6162,374
4131,6163,318
4132,6164,191
4133,6165,45
4134,6166,258
4135,6167,1264
4136,6168,50
4137,6169,50
4138,6172,450
4140,6173,1249
4141,6174,1249
4142,6175,1249
4143,6176,92
4144,6177,92
4145,6178,92
4146,6179,76
4147,6180,346
4148,6181,1142
4149,6187,1178
4151,6192,208
4152,6193,1263
4153,6194,1118
4169,6195,87
4155,6196,142
4156,6197,1147
4157,6198,142
4158,6201,64
4159,6203,202
4160,6205,133
4161,6207,1213
4162,6208,108
4163,6209,156
4164,6210,50
4165,6211,133
4166,6212,202
4167,6213,187
4170,6216,1118
4171,6220,225
4172,6221,225
4173,6222,195
4174,6224,316
4176,6229,414
4177,4284,148
4178,5035,329
4179,4953,18
4180,4955,110
4181,4958,50
4183,4777,124
4184,5381,374
4185,5240,50
4186,5376,110
4188,2960,942
4189,2208,1265
4190,2224,778
4191,2888,583
4192,2217,1266
4193,2847,787
4194,2889,569
4195,2942,1172
4199,2956,526
4200,2937,1137
4201,2916,247
4203,2906,988
4204,2900,812
4205,2843,795
4206,2788,1267
4207,2980,321
4208,2981,321
4209,597,1268
4210,2794,1269
4211,2062,837
4212,2074,1004
4213,2066,496
4214,2968,132
4215,2966,132
4216,2963,1265
4217,2938,190
4218,2206,1270
4219,2183,985
4221,2893,1271
4222,2162,787
4223,2161,787
4225,2892,587
4226,2890,635
4227,2180,1272
4228,2169,1273
4229,4957,84
4230,1264,1084
4689,5039,1334
4232,4693,1265
4688,5040,1333
4234,2844,1274
4235,2839,1054
4236,2818,496
4237,3331,496
4238,2115,496
4240,2100,1275
4241,2799,490
4242,2945,1137
4243,2891,787
4244,5041,287
4245,5046,1215
4246,5047,896
4247,5053,970
4248,2917,247
4249,5056,1205
4250,5058,1035
4251,5061,938
4252,6230,93
4254,2732,1276
4255,2038,496
4256,2931,854
4257,6232,358
4258,6233,83
4259,5130,1204
4260,5131,1205
4261,5133,901
4262,5134,970
4263,5136,1137
4264,5503,110
4265,5137,1172
4266,5140,1137
4267,5141,936
4269,5143,20
4270,2978,629
4271,2933,346
4272,3365,942
4273,2972,629
4274,2969,863
4275,2762,1090
4276,3393,933
4277,3395,812
4278,2761,1277
4279,4435,1126
4280,3761,1278
4281,2009,1279
4282,2013,926
4283,5081,900
4284,5504,324
4285,5082,528
4286,5084,1137
4287,5086,857
4288,5088,524
4289,5091,528
4290,5093,1192
4291,5014,1119
4292,5089,901
4293,5508,901
4294,5092,901
4295,5095,63
4296,5097,89
4297,5098,67
4298,5099,900
4299,5105,863
4300,5107,627
4301,5466,627
4302,5509,627
4303,5112,329
4304,5113,10
4305,5114,628
4306,5115,10
4307,5116,1085
4308,5042,933
4687,5044,1332
4310,4954,1265
4311,5500,1280
4312,4956,896
4313,5510,627
4314,5165,58
4315,5166,1096
4316,5204,1205
4317,5205,1096
4318,5207,1122
4319,5209,1137
4320,5218,110
4321,5220,1172
4322,5062,936
4323,5063,18
4324,5068,900
4325,4720,631
4326,5070,165
4327,5071,50
4328,3489,97
4329,5145,227
4330,5511,1035
4331,5149,84
4332,5515,66
4333,5516,206
4334,5517,970
4335,5518,50
4336,5152,110
4337,5155,50
4338,5157,50
4339,5159,50
4340,5163,175
4341,5164,165
4342,5168,165
4343,5169,18
4344,5172,72
4345,5174,798
4346,5176,1172
4347,5180,1172
4348,5181,93
4349,5184,39
4350,5187,63
4351,5189,172
4352,5191,110
4353,5192,854
4354,5197,865
4355,5198,329
4356,5201,803
4357,5202,84
4358,5203,50
4359,5211,50
4360,5213,1137
4361,5214,50
4362,5359,84
4363,5054,1172
4364,5219,135
6719,8432,225
4366,5224,10
4367,5225,10
4368,5226,10
4369,5227,58
4370,5228,939
4371,5048,795
4372,4770,795
4373,5229,50
4374,5230,84
4375,5231,50
4376,5232,346
4377,5236,171
4378,5237,306
4379,5239,50
4380,5241,306
4381,5242,84
4382,5243,132
4383,5076,132
4384,5175,132
4385,5153,1137
4386,5245,50
4387,5317,84
4388,5319,171
4389,5320,171
4390,5322,28
4391,5160,1172
4392,5499,629
4393,5100,629
4394,5069,629
4395,5146,306
4396,5323,329
4397,5324,329
4398,5326,803
4399,5328,50
4400,5329,279
4401,5330,1076
4402,5331,1211
4403,5332,374
4404,5333,100
4405,5334,10
4406,5335,110
4407,5336,73
4408,5337,110
4409,5338,389
4410,5345,1137
4411,3607,526
4412,4490,1137
4686,5049,1284
4415,5102,1224
4416,5501,352
4418,5212,970
4419,5215,970
4420,5238,970
4421,5347,1137
4422,5348,798
4423,5349,1265
4424,5350,206
4425,5351,99
4426,4959,58
4427,4961,1205
4429,4964,39
4431,4965,319
4432,4966,187
4433,2327,27
4434,5002,68
4435,5006,928
4436,3478,110
4437,5008,411
4438,5009,346
4439,5010,1211
4440,5011,28
4441,5012,18
4442,5013,928
4443,1579,329
4444,4717,525
4445,5016,528
4446,5017,629
4447,5018,1121
4448,5022,308
4449,5021,329
4450,5024,928
4451,5025,863
4452,5026,1126
4453,5028,798
4454,5030,526
4455,5027,526
4456,5032,1172
4457,948,798
4458,4463,1137
4459,4515,1172
4460,4521,1137
4461,4517,1137
4462,4981,20
4464,4984,966
4465,4990,1137
4466,4993,798
4467,4995,1137
4468,4480,132
4469,4974,528
4470,5249,517
4471,5266,629
4472,5296,629
4473,5307,798
4474,5308,306
4475,5310,928
4476,5311,141
4477,5312,239
4478,5313,306
4479,5314,10
4480,5339,132
4481,5340,451
4482,5342,628
4483,5343,1137
4484,5344,1172
4485,5352,389
4486,5438,787
4487,5464,1205
4488,5498,1223
4489,4769,1172
4490,5365,1230
4491,3416,1017
4492,5470,526
4493,5474,1205
4494,5475,629
4495,5362,627
4496,5364,526
4497,5374,896
4498,5375,167
4499,5378,1137
4501,5158,1126
4502,5127,1121
4503,5128,1205
4504,5080,521
4505,5117,628
4506,5122,1172
4507,5123,900
4508,5210,1121
4509,5064,1126
4510,5065,1265
4511,5067,900
4512,5072,1172
4513,5073,526
4514,5512,970
4515,5513,530
4516,5150,1134
4517,5170,1126
4518,5171,1172
4519,5173,936
4520,5177,1134
4521,5178,863
4522,5190,1096
4523,5581,1126
4524,5217,977
4525,5233,970
4526,5234,970
4527,5235,526
4528,5318,528
4529,4460,1137
4530,4522,1137
4531,4963,631
4532,4466,1137
4533,4969,1205
4534,4516,132
4536,4972,1137
4537,4979,629
4538,4985,1137
4539,4986,1137
4540,4518,1137
4541,4519,1137
4542,4998,1172
4543,4999,1137
4544,5000,1205
4545,4975,1265
4546,4976,1265
4547,5496,1137
4548,5246,1137
4549,5247,1137
4550,5248,1137
4551,5520,1137
4552,5250,1137
4553,5252,1137
4555,5253,1137
4556,5254,1137
4557,5255,1137
4558,5256,1137
4559,5257,1137
4560,5258,1137
4561,5259,1137
4562,5260,1137
4563,5261,1137
4564,5262,1137
4565,5263,1137
4566,5264,1137
4567,5265,1137
4568,6235,83
4569,6236,160
4570,6237,1282
4571,5267,1137
4572,5268,1137
4573,5269,1137
4574,5270,1137
4575,5271,1137
4576,5272,1137
4577,5273,1137
4578,5274,1137
4579,5276,1137
4580,5275,1137
4581,5277,1137
4582,5278,1137
4583,5279,1137
4584,5280,1137
4585,5281,1137
4586,5282,1137
4587,5283,1137
4588,5284,1137
4589,5285,1137
4590,5286,1137
4591,5309,1137
4592,5287,1137
4593,5288,1137
4594,5289,1137
4595,5290,1137
4596,5291,1137
4597,5293,1137
4598,5294,1137
4599,5295,1137
4600,5297,1137
4601,5298,1137
4602,5299,1137
4603,5300,1137
4604,5302,1137
4605,5303,1137
4606,5451,1134
4607,5471,1137
4608,5476,1137
4609,5479,1137
4610,5483,1137
4611,5050,1283
4612,5051,1281
4613,5052,1284
4614,4689,1284
4615,5484,1137
4616,5485,1137
4617,5486,1137
4618,5487,1137
4619,5489,1137
4620,5057,1285
4621,5101,1286
4622,5059,1287
4623,5060,1288
4624,5129,1289
4625,4687,935
4626,5465,1291
4627,5135,1292
4628,5139,1293
4629,5077,1294
4630,5078,1296
4631,4690,1297
4632,5120,1297
4633,5126,1297
4634,5066,1297
4635,4716,1298
4636,5506,1299
4637,5507,1284
4638,3813,1300
4639,5055,1292
4640,5085,1292
4641,5090,1301
4642,5094,1302
4643,4719,1303
4644,5121,1303
4645,961,1299
4646,4721,1304
4647,5096,1306
4648,4724,1299
4649,5103,1307
4650,5104,629
4651,5106,1308
4652,5108,1309
4653,5109,1310
4654,5110,1311
4655,5124,1311
4656,5111,1312
4657,2973,1313
4658,5206,1314
4659,5075,1315
4660,5144,1316
4661,5151,1317
4662,5490,1137
4663,5491,1137
4664,5492,1137
4665,5161,1210
4666,5162,1210
4667,5493,1137
4668,5360,1137
4669,5380,1172
4670,5167,1318
4671,5179,1319
4672,1643,1320
4673,5200,1321
4674,5223,1322
4675,5321,1323
4676,5325,526
4677,5327,1324
4678,4459,1325
4679,5007,526
4680,4691,1326
4681,4695,1327
4682,5020,1328
4683,5034,1329
4684,4982,1330
4685,5373,1331
4690,5125,1335
4691,5147,1309
4692,5148,1309
4693,5186,1336
4694,5188,1297
4695,5216,1337
4696,5244,1338
4697,5029,1284
4698,5031,1339
4699,5472,1340
4700,6238,93
4701,6239,627
4702,5514,1299
4703,5301,1205
4704,482,48
4705,6240,627
4706,2800,488
4707,2160,787
4708,2193,551
4709,5292,936
4710,5469,1341
4711,6241,191
4712,6242,437
4713,6243,121
4714,6244,121
4715,6245,121
4716,6246,121
4717,6247,627
4718,6249,284
4719,6248,1342
4721,6253,1343
4722,6257,68
4723,6258,68
4724,6259,68
4725,6260,68
4726,6261,2
4727,6262,225
4728,6263,68
4729,202,250
4730,6264,1344
4732,6265,1184
4733,6266,68
4734,6267,414
4735,6268,865
4736,6269,10
4737,6270,66
4738,6271,66
4739,6272,414
4740,6273,1345
4741,6274,2
4742,6275,88
4743,6276,110
4744,6277,50
4745,6278,50
4746,6279,64
4747,6280,2
4748,6281,50
4749,6282,2
4750,6283,1213
4751,6284,1182
4753,6285,1084
4754,6286,1022
4755,6287,938
4756,6288,275
4757,6289,2
4758,6290,1172
4759,6291,1084
4760,6292,1084
4761,6293,2
4762,6294,2
4763,6295,1084
4764,6296,1172
4765,6297,1172
4872,6298,1249
4767,6299,1022
4768,6300,1084
4769,6301,1346
4770,6302,1084
4771,6303,1084
4772,6304,1249
4773,6305,2
4774,6306,1327
4775,6307,1084
4776,6308,1327
4777,6309,1084
4778,6310,1022
4779,6311,1327
4780,6312,1084
4781,6313,1084
4782,6314,1327
4783,6315,1327
4784,6316,189
4785,6317,1326
4786,6318,2
4787,6320,1084
4788,6321,1327
4789,6322,1327
4790,6323,1327
4791,6324,1327
4792,6325,1327
4793,6326,1347
4794,6327,1327
4795,6328,1084
4796,6329,1327
4797,6330,1327
4798,6331,1119
4799,6332,1327
4800,6333,1084
4801,6334,1347
4802,6335,1084
4803,6336,1084
4804,6337,1084
4805,6338,1084
4806,6339,1327
4807,6340,1084
4808,6341,2
4809,6342,1172
4810,6343,863
4811,6344,1028
4812,6345,1327
4813,6346,1347
4814,6347,1348
4815,6348,896
4816,6349,1215
4817,6350,1327
4818,6351,1327
4819,6352,2
4820,6353,1249
4821,6354,1084
4822,6355,1084
4823,6356,900
4824,6357,206
4825,6358,456
4826,6359,1218
4827,6360,631
4828,6361,1297
4829,6362,1349
4830,6363,856
4831,6364,629
4832,6365,1172
4833,6366,48
4834,6367,28
4835,6368,48
4836,6369,414
4837,6374,414
4838,6379,120
4840,6381,798
4841,6382,1327
4842,6383,150
4843,6384,58
4844,6385,225
4845,6386,1350
4846,6387,2
4847,6388,1351
4848,6389,1352
4849,6390,1352
4850,6391,254
4851,6392,1352
4852,6395,1353
4853,6394,2
4854,6396,99
4855,6397,820
4856,6398,1354
4857,6399,30
4858,6401,1355
4859,6402,137
4862,6407,1327
4863,6408,93
4864,6409,2
4865,6410,2
4866,6411,2
4867,6412,2
4868,6413,2
4869,6414,189
4870,6415,1327
4871,6416,2
4873,6417,1327
4874,6418,2
4875,6419,837
4877,6421,798
4878,6422,1173
4879,6423,141
4880,6424,68
4881,6425,1356
4882,6427,225
4884,6429,110
4887,6430,84
4888,6431,58
4889,6432,122
4890,6433,110
4891,6435,110
4893,6436,1357
4894,6439,1037
4895,6440,1352
4897,6442,75
6599,6443,1498
4900,6444,55
4901,6445,316
4902,6447,165
4903,6448,165
4904,6449,1358
4905,6450,60
4906,6451,316
4907,6452,239
4908,6453,1124
4909,6454,58
4910,6455,323
4911,6456,416
4912,6458,111
4913,6459,93
4914,6460,68
4915,6461,1014
4916,6462,337
4917,6463,176
4918,6464,347
4919,6465,176
4920,6466,110
4921,6467,882
4922,6468,1359
4923,6469,110
4924,6470,76
4925,6471,76
4926,6472,275
4927,6473,92
4928,6474,10
4929,6475,275
4930,6476,132
4931,6477,64
4932,6478,184
4933,6479,1360
4934,4612,141
4935,1155,75
4936,6480,110
4937,6481,1361
4938,6482,363
4939,6483,1362
4940,6484,108
4941,6486,1363
4942,6487,416
4943,6488,1364
4944,6489,93
4945,6490,112
4946,6492,1120
4947,6493,275
4948,6494,275
4949,6495,223
4950,6496,1365
4951,6497,133
4952,6498,176
4953,6499,176
4955,6501,2
4956,6502,60
4959,6505,176
4960,6506,76
4961,6507,187
4962,6508,187
4963,6509,1091
4964,6510,275
4965,6511,76
4966,6512,275
4967,6513,187
4968,6514,275
4969,6515,187
4970,6516,93
4971,6517,275
4972,6518,275
4973,6519,1075
4974,6520,223
4975,6521,223
4976,6522,275
4977,6523,275
4978,6524,39
4979,6525,39
4980,6526,10
4981,6527,10
4982,6528,217
4983,6529,60
4984,6530,176
5148,6672,1263
4986,6532,10
4987,6533,10
4988,6534,10
4989,6535,223
4990,6536,16
4991,6537,275
4992,6538,176
4993,6540,58
4994,6541,110
4995,6542,1366
5005,6543,378
5006,6544,378
4998,6545,291
4999,6546,1367
5000,6547,360
5001,6548,291
5002,6549,1368
5003,6550,264
5028,6551,378
5007,6552,64
5009,6554,88
5010,6555,378
5011,6556,1369
5012,6557,110
5013,6558,110
5014,6559,108
5015,6560,206
5016,6561,108
5017,6562,187
5018,6563,110
5019,6564,128
5020,5693,113
5021,6566,191
5022,6567,1370
5023,6568,206
5024,6569,176
5025,6570,200
5026,6571,147
5027,6572,803
5029,6573,1371
5030,6574,1118
5031,6575,256
5032,6576,255
5033,6577,197
5034,6578,48
5035,6579,48
5036,6580,48
5037,6581,110
5038,6582,93
5039,6583,93
5040,6584,93
5041,6585,110
5042,6586,1249
5043,6587,1249
5044,6588,1249
5045,6589,1372
5046,6590,75
5047,6591,112
5048,6592,1373
5049,6593,1373
5050,6595,298
5051,6596,64
5052,6598,1374
5053,6599,1375
5054,6601,416
5055,6600,346
5056,6603,1373
5174,6751,58
5173,6750,212
5059,6610,10
5060,6611,75
5061,6614,176
5172,6749,76
5063,6617,269
5171,6748,76
5170,6747,16
5169,6746,43
5168,6745,43
5167,6744,43
5166,6743,43
5165,6742,1382
5164,6741,43
5163,6740,1381
5162,6738,108
5074,6631,187
5075,6632,76
5160,6736,1380
5161,6737,18
5157,6734,64
5156,6733,1378
5129,6643,223
5083,6644,10
5155,6731,113
5151,6539,275
5150,6650,93
5087,6648,76
5088,6649,93
5089,6651,93
5090,6652,93
5149,6722,18
5092,6654,275
5153,6729,58
5147,6717,156
5146,6716,93
5096,6658,10
5097,6659,10
5145,6715,93
5144,6710,108
5143,6709,1371
5142,6708,1371
5152,6728,2
5103,6665,275
5141,6703,1317
5105,6667,275
5106,6673,88
5107,6607,187
5108,6675,275
5109,6676,122
5110,6677,275
5111,6678,187
5112,6679,191
5113,6680,275
5114,6681,269
5115,6682,275
5116,6683,76
5117,6684,191
5118,6685,275
5119,6624,88
5120,6627,1377
5121,6686,122
5122,6687,93
5123,6688,63
5124,6689,275
5125,6690,275
5126,6638,371
5127,6640,223
5128,6691,275
5130,6692,275
5131,6693,110
5132,6694,110
5133,6695,187
5134,6696,223
5135,6697,150
5136,6698,275
5137,6699,63
5138,6700,414
5139,6701,176
5140,6702,176
5175,6752,58
5176,6753,58
5177,6755,58
5178,6757,58
5179,6758,58
5180,6760,441
5181,6761,192
5182,6762,192
5183,6764,803
5184,6763,803
5185,6765,192
5186,6766,1364
5187,6767,1364
5804,6768,10
5189,6769,150
5190,6770,1223
5191,6771,1383
5192,6772,1384
5193,6773,16
5194,6774,264
5195,6777,191
5196,6778,196
5197,6779,371
5198,6780,182
5199,6782,191
5200,6784,1136
5201,6785,190
5202,6786,190
5203,6787,76
5204,6788,142
5205,6789,1385
5206,6790,110
5207,6791,58
5208,6792,110
5209,6793,110
5210,6794,150
5212,6796,1366
5213,6797,217
5214,6798,1142
5215,6799,430
5217,6446,62
5218,6802,18
5219,6801,25
5220,6803,43
5221,6804,16
5222,6805,424
5223,6806,337
5224,6807,122
6468,8174,441
5226,6810,371
5227,6811,10
5228,6812,366
5229,6813,76
5230,6814,76
5231,6815,140
5232,6816,140
5233,6817,1387
5234,6818,43
5235,6819,93
5236,6820,76
5237,6821,18
5247,6825,192
5246,6809,1386
5245,6824,813
5244,6823,110
5243,6822,75
5248,6826,1371
5249,6827,122
5250,6828,1388
5252,6830,1389
5253,6831,140
5254,3583,18
6653,6832,1505
5256,6833,140
5257,6834,140
5258,6836,1140
5259,6837,50
5260,6838,245
5261,6839,1217
5262,6840,1371
5264,6842,122
5265,6843,10
5266,6844,1390
5267,6845,10
5268,6846,1391
5269,6847,10
5270,6848,10
5271,6849,308
5272,6850,1075
5273,6851,1392
5274,6852,26
5275,6853,79
5276,6854,437
5277,6855,99
5278,6856,1212
5279,6857,110
5280,6858,70
5281,6859,1371
5282,6860,275
5283,6861,76
5284,6862,140
5285,6863,18
5286,6864,76
5287,6865,76
5288,6866,63
5289,6867,43
5290,6868,48
5291,6869,50
5292,6870,1393
5293,6871,97
5294,6872,16
5295,6873,337
5296,6874,1394
5297,6875,58
5298,6876,416
5299,6878,150
5300,6879,121
5301,6880,1395
5302,6881,56
5303,6882,110
5304,6883,349
5305,6884,416
5306,6885,76
5307,6886,76
5308,6887,43
5309,6888,43
5310,6889,76
5311,6890,179
5312,6891,1396
5313,6892,1397
5314,6894,1397
5315,6895,16
5316,6896,1397
5317,6897,1397
5318,6898,1397
5319,6899,1397
5320,6900,1397
5321,6901,1354
5322,6902,110
5323,6903,275
5329,6808,133
5325,6905,184
5422,6906,1406
5327,6907,347
5328,6908,75
5330,6909,10
5331,6910,1371
5332,6911,122
5333,6912,176
5334,6913,225
5335,6914,110
5336,6915,110
5337,6917,315
5338,6918,1398
5339,6920,75
5340,6921,110
5341,6923,1399
5342,6924,281
5343,6925,48
5344,6926,371
5345,6927,371
5346,6928,165
5347,6929,240
5348,6930,385
5349,6931,152
5350,6932,1400
5351,6933,1401
5352,6934,317
5353,6935,116
5354,6937,16
5355,6938,176
5356,6936,457
5357,6939,1402
5358,6940,1140
5359,6941,122
5360,6942,73
5361,6943,122
5363,6945,110
5364,6946,122
5365,6947,275
5366,6948,26
5367,6949,48
5368,6950,381
5369,6951,183
5370,6952,99
5371,6953,142
5372,6954,84
5373,6955,110
5374,6956,122
5375,6957,121
5376,6958,118
5377,6960,50
5378,6961,50
5379,6962,50
5380,6963,264
5381,6964,76
5382,6965,50
5383,6966,110
5384,6967,128
5385,6968,204
5386,6969,48
5387,6971,358
5388,6970,149
5389,6972,48
5390,6973,18
5391,6974,18
5392,6976,97
5393,6977,417
5394,6978,1107
5395,6979,18
5396,6980,1403
5397,6981,176
6038,6984,79
5656,7234,50
5401,6985,26
5402,6986,141
5403,6987,1140
5404,6988,1380
5405,6989,415
5406,6990,1165
5407,6991,110
5408,6992,1037
5409,6993,418
5410,6994,171
5411,6995,10
5414,6998,1262
5415,6999,451
5416,7000,451
5417,7002,10
5418,7001,84
5419,7003,1405
5420,7004,48
5421,7005,152
5423,7006,1406
5427,7010,74
5428,7011,48
5429,7012,1407
5430,7013,1407
5431,7014,1407
5432,7015,1408
5433,7016,48
5473,7056,110
5435,7018,121
5436,7019,121
5437,7020,1409
5471,7053,1165
5439,7022,224
5440,7023,428
5441,7024,16
5442,7025,1410
5443,7026,121
5444,7027,176
5445,7028,1411
5446,7029,58
5447,7030,245
5448,7031,1412
5449,7032,1398
5450,7033,295
5451,7034,1413
5452,7035,1414
5511,7097,1142
5454,7038,184
5455,7039,58
5456,7040,26
5457,7041,1415
5458,7042,75
5459,7043,99
5460,7044,99
5461,7045,26
5462,4535,26
5463,7046,26
5464,7047,26
5465,7048,99
5466,7049,1416
5467,7050,48
5468,7051,25
5469,7052,1417
5470,7054,58
5472,7055,110
5474,7057,1418
5475,7058,67
5476,7059,48
5477,7060,25
5478,7061,25
5479,7063,444
5480,7064,1140
5481,7065,1140
5482,7066,1419
5483,7067,206
5484,7068,206
5485,7069,1419
5486,7070,396
5487,7071,18
5488,7072,308
5489,7073,1077
5490,7074,1077
5491,7075,173
5492,7076,1077
5493,7077,302
5494,7078,1077
5495,7079,88
5496,7080,1420
5497,7081,132
5498,7082,62
5499,7083,1421
5501,7085,38
5502,7086,202
5503,7088,79
5504,7089,308
5505,7090,308
5506,7091,308
5507,7092,1422
5508,7093,128
5509,7094,122
5510,7095,18
6113,7832,64
6466,7099,313
5514,7100,92
5515,7101,92
5516,7102,92
5517,7103,208
5518,7104,225
5519,7105,1182
5520,7106,64
5521,7107,308
5522,7108,108
5523,7109,1385
5524,7110,156
5525,7111,165
5527,7113,10
5528,7114,1423
5529,7115,58
5530,7116,25
5531,7117,1184
5532,7118,282
5533,7119,221
5534,7120,1424
6114,7833,50
5537,7123,10
5538,7124,132
5539,7125,97
5540,7126,165
5542,7128,1425
5543,7129,336
5544,7130,19
5546,7132,26
5547,7133,27
5548,7134,121
5549,7138,313
5550,7140,70
5551,7141,48
5552,7143,25
5553,7144,57
5554,7145,57
5555,7146,38
5556,7147,58
5557,7148,437
5558,7149,57
5559,7150,58
5560,7151,58
5561,7152,58
5562,7153,58
5564,4757,2
5565,7155,2
5566,7156,212
5567,7157,97
5568,7159,97
5569,7160,1426
5570,7162,176
5571,7161,176
5572,7163,1427
5573,7164,48
5574,7165,1428
5575,7166,64
5576,7167,491
5577,7168,1429
5578,7169,1430
5579,7170,303
5580,7171,1431
5581,7172,1432
5582,7173,1411
5583,7175,204
5584,7176,34
5585,7177,38
5586,7178,1380
5587,7179,1140
5588,7180,437
5589,7181,1140
5590,7182,1140
5591,7183,1140
5592,7184,132
5593,7185,360
5594,7186,360
5595,7187,1409
5596,7188,224
5597,7189,1140
5598,7190,1140
5599,7191,110
5600,7192,433
6473,8180,73
5602,7210,48
5603,7202,34
5604,7214,258
5605,7220,1187
5606,7223,4
5607,7224,132
5608,7226,16
5609,7230,1405
5610,5824,1434
5611,7229,1435
5612,7227,110
5613,7232,108
5614,7236,1419
5615,7240,2
5617,7251,70
5618,7245,1167
5619,7254,1391
5620,7252,1437
5621,7246,221
5622,7255,1405
5623,7212,16
5624,7257,100
5625,7258,50
5626,7260,319
5627,7261,48
5629,7266,100
5630,7267,100
5631,7268,100
5633,7276,1364
5634,7277,798
5635,7278,110
5636,7279,58
5637,7280,110
5638,7281,275
5639,7282,140
5640,7284,140
5642,7287,1405
5643,7288,307
5645,7290,27
5646,7291,179
5647,7198,48
5648,7295,132
5649,7296,429
5650,7297,258
5651,7298,258
5653,7300,58
5654,6982,306
5657,7241,1108
5658,7301,1182
5659,7302,10
5661,7303,26
5662,7304,318
5663,7306,1142
5664,7307,865
5665,7308,191
5667,7309,84
5668,7310,26
5673,7315,384
5674,7316,1438
5675,7317,451
5676,7318,110
5677,7319,374
5678,7321,48
5680,7323,165
5681,7325,245
5682,7326,128
5683,7327,128
5684,7328,385
5685,7330,93
5686,7331,50
5687,7333,798
5688,7335,128
5689,7336,50
5691,7338,64
5692,7340,26
5693,7343,84
5694,7345,308
5695,7346,1184
5696,7347,110
5697,4707,110
5698,7348,110
6115,7834,1364
5701,7351,1382
5702,7353,43
5703,7354,43
5704,7355,110
5705,83,50
5708,7358,34
5709,7359,18
5710,7360,48
5711,7361,141
5712,7362,1439
5713,7363,1075
5714,7364,125
5715,7365,93
5716,7366,26
5717,7368,1034
5718,7369,58
5719,7370,1440
5720,7371,865
5721,7372,49
5722,7373,150
5723,7374,49
5724,7375,49
5725,7376,1395
5726,7377,49
5727,7378,49
5728,7379,208
5729,7380,1441
5730,7381,48
5731,7382,1371
5732,7383,122
5733,7384,68
5735,4829,57
5736,7386,1380
5737,7387,49
5738,7388,160
5739,7389,160
5740,7390,1442
5741,7391,1443
5742,7392,1444
5743,7393,192
5744,7394,192
5745,7395,437
5746,7396,448
5747,7397,57
5748,7398,57
5749,7399,57
6116,7835,48
5751,7401,57
5752,7402,57
5753,7403,57
5754,7404,1380
5755,7405,1380
5756,7406,1380
5757,7407,208
5758,7408,308
5759,7411,87
5760,7413,191
5762,7414,275
5763,7415,110
5764,7416,128
5765,7417,1077
5766,7418,10
5767,7419,64
5768,7420,64
5769,5669,25
5770,7250,1371
5771,7421,1445
5772,7422,223
5773,7423,50
5775,7424,1157
5776,7425,66
5777,7426,4
5778,7427,318
5779,7428,66
5780,7429,66
5781,7430,66
5782,7432,66
5783,7433,88
5784,7434,122
5785,7435,176
5786,7436,176
5787,7437,176
5788,7438,87
5789,7441,4
5790,7442,66
5791,7443,381
5792,7444,176
5793,7445,87
5794,7446,176
5795,7447,176
5796,7448,167
5797,7449,221
5798,7253,167
5799,7450,99
5800,7451,72
5801,7452,111
5802,7135,208
5803,7136,76
5805,7453,1439
5806,7454,1439
5807,7457,176
5810,7460,50
5811,7461,1446
5812,7462,72
5813,7471,133
5814,7472,133
5815,7473,39
5816,7474,223
5817,7475,217
5818,7476,217
5819,7477,39
5820,7478,1447
5821,7479,1448
5822,7480,49
5823,7481,177
5824,7482,46
5825,7483,1317
5826,7484,1449
5827,7486,142
5828,7487,142
5829,7488,142
5830,7489,1407
5831,7490,177
5832,7491,142
5833,7492,142
5834,7493,142
5835,7494,1450
5836,7495,143
5837,7496,865
5838,7497,88
5839,7498,110
5840,7499,150
5841,7500,111
5842,7501,378
5843,7502,75
5844,7503,1451
5845,7504,88
5846,7505,928
5847,7506,302
5848,7507,206
5849,7508,416
5850,7509,16
5851,4804,247
5852,7158,66
5853,4668,97
5855,7341,26
5856,5649,128
5857,7510,113
5858,7512,38
5859,7513,38
5860,7514,38
5861,7515,18
5862,7522,18
5863,7523,18
5864,4816,64
5865,7525,928
5866,7526,168
5867,7527,79
5869,7528,1452
5870,7529,1453
5872,7530,264
5873,7531,1371
5874,7532,41
5875,7533,865
5876,7534,26
5877,7535,1112
5879,7536,414
5880,7537,16
5882,7539,1297
5883,7540,150
6352,8046,140
5887,7544,10
5888,7545,39
5889,4572,110
5890,7546,170
5891,7547,56
5892,7548,1034
5893,7551,70
5894,7552,4
5895,7553,317
5896,7554,226
5897,7556,41
5898,7558,110
5899,7559,317
5900,7560,968
5901,7561,18
5902,1294,18
5904,7563,176
5905,7564,76
5909,7567,798
5908,7566,176
5910,7568,110
5911,7569,1456
5912,7570,385
5913,7571,208
5914,7572,1227
5916,7576,142
5917,7578,1434
5918,7579,1448
5919,7580,1434
5921,7584,1434
5922,7585,1434
5923,7586,1434
5925,7589,10
5927,7591,10
5928,7592,10
5929,7593,10
5930,7595,1263
5931,7596,1446
5932,7597,1446
5933,7598,74
5934,7599,191
5935,7600,112
5936,7602,1446
5937,7603,250
5938,7604,176
6117,7836,1475
5940,7606,176
5941,7607,1457
5942,7608,318
5943,7612,16
5944,7613,72
6634,7616,76
5946,7618,10
5947,7619,1197
5948,7620,319
5949,7622,319
5950,7626,72
5951,7628,60
5952,7629,324
5953,7630,1458
5954,7631,18
5955,7632,63
5956,7634,63
5957,7635,60
5958,7636,167
5959,7637,18
5960,7638,110
5961,7639,1459
5962,7640,113
5963,7644,208
5964,7645,1460
5965,7646,60
5966,7647,318
5967,7649,48
5968,7650,1461
5969,7651,187
5970,7652,1112
5971,7653,16
5972,7654,93
5973,7655,41
5974,7656,212
5975,7657,16
5976,7658,10
5977,7660,110
5978,7661,110
5979,7662,1462
5980,7664,195
5981,7665,99
5982,7668,220
5983,7669,117
5984,7671,48
5985,7672,1463
5986,7674,150
5987,7675,75
5988,7676,83
5989,7679,150
5990,7680,1464
5991,7681,117
5992,7682,1265
5993,7683,865
5994,7684,150
5995,7685,865
5996,7686,381
5997,7687,798
5998,7688,1371
5999,7689,10
6000,7690,308
6001,7691,28
6002,7692,111
6003,7694,111
6004,7695,16
6005,7696,451
6006,7697,16
6007,7698,16
6008,7699,173
6010,7700,75
6011,7704,1465
6012,7706,263
6014,7711,83
6015,7712,233
6016,7713,1466
6017,7715,110
6018,7716,437
6019,7717,70
6020,7718,122
6022,7719,187
6023,7721,1467
6024,7722,120
6025,7723,84
6026,7724,84
6027,7725,208
6028,7726,252
6029,7727,121
6030,7728,1371
6031,7734,206
6032,7735,150
6033,7736,83
6034,7737,150
6035,7739,83
6036,7742,200
6037,7746,150
6039,4820,79
6040,4708,191
6041,7750,110
6042,7751,16
6043,7752,39
6044,7753,212
6045,7754,212
6046,7755,212
6047,7756,110
6048,7757,110
6049,7758,319
6050,7759,319
6119,7839,110
6053,7762,318
6054,7763,192
6055,7764,319
6056,7765,1468
6057,7766,319
6058,7767,1468
6059,4596,50
6060,7768,1468
6061,7769,1469
6062,7770,313
6063,7771,168
6064,7772,10
6065,7773,1452
6066,7774,212
6067,7777,217
6068,7778,88
6069,7779,110
6070,7781,1470
6071,7783,10
6072,7784,72
6073,7785,1142
6074,7786,1471
6075,7788,16
6076,7794,84
6077,7795,10
6078,7796,75
6079,7797,84
6080,7800,1219
6081,7801,361
6082,7802,798
6083,7803,25
6085,7804,25
6086,7805,1211
6087,7806,84
6088,7807,50
6089,7808,128
6120,7840,228
6093,7811,16
6092,7812,16
6094,7813,173
6095,7814,136
6096,7809,1472
6097,4649,451
6098,7816,183
6099,7799,1473
6101,7819,250
6102,7820,250
6103,7821,187
6104,7822,187
6105,7823,250
6106,7824,250
6107,7825,10
6108,7827,75
6109,7828,75
6110,7829,1474
6111,7830,10
6112,7831,176
6121,7841,228
6122,7842,133
6123,5667,83
6124,7845,183
6125,4670,339
6126,4671,120
6127,4672,178
6128,4536,27
6129,4539,1419
6130,4543,220
6131,4544,16
6132,7847,308
6133,7848,121
6134,4548,26
6135,4549,928
6136,4550,68
6137,4551,1140
6138,4552,189
6139,4553,26
6140,4577,99
6141,7849,329
6142,4626,57
6144,4679,110
6145,4680,110
6146,4681,10
6147,4682,70
6148,4683,110
6149,4700,25
6150,4706,165
6151,4709,217
6152,4723,10
6153,4735,140
6154,4736,308
6155,4738,50
6156,4739,275
6157,4741,1476
6158,4742,1476
6159,4745,10
6160,4759,39
6161,4763,214
6162,4798,97
6163,4799,150
6164,4805,1354
6165,4806,165
6166,4809,110
6167,4811,16
6168,4817,58
6169,4819,64
6170,4821,235
6171,4823,16
6172,4825,64
6173,4827,313
6174,4861,16
6175,4862,339
6176,4863,1371
6177,4864,253
6182,4895,1420
6183,4896,1114
6184,4897,189
6185,4899,1477
6186,4900,283
6187,4902,1420
6188,4906,120
6189,4905,1478
6190,4904,1479
6191,4908,295
6192,4909,1143
6193,4911,64
6194,4912,93
6195,4915,1227
6196,4916,10
6197,4917,416
6198,4918,111
6199,4919,58
6200,4920,99
6201,4921,378
6202,4922,378
6203,7851,426
6205,4924,291
6206,4925,1480
6207,4926,1481
6208,4927,1482
6209,4928,1264
6210,4929,287
6211,4930,1470
6212,4931,1483
6213,4932,1484
6214,4933,30
6215,4934,1109
6216,4936,1485
6217,7853,225
6218,7854,189
6219,7855,128
6220,7856,128
6221,7857,128
6222,4937,1486
6223,4938,1140
6224,4941,1487
6225,4952,16
6226,7858,1109
6227,7860,150
6228,7861,10
6229,7862,1468
6231,7863,1468
6232,7864,225
6233,7865,319
6234,7867,168
6235,7868,48
6236,7870,1371
6237,7874,48
6238,7875,808
6239,7876,60
6240,7879,803
6241,7908,191
6242,7909,319
6243,7910,63
6244,7911,63
6245,7912,189
6246,7913,50
6247,7914,150
6248,7915,48
6249,7916,110
6250,7921,26
6251,7923,150
6252,7924,1475
6253,7925,173
6254,7926,863
6255,7928,389
6256,7934,120
6257,7936,18
6258,7937,58
6259,7938,66
6260,7939,191
6261,7940,110
6262,7943,150
6263,7944,141
6264,7945,437
6265,7946,150
6266,7947,110
6269,7952,48
6270,7953,323
6271,7954,167
6272,7955,1024
6273,7956,120
6274,7957,88
6275,7958,928
6276,7966,807
6277,7976,120
6278,7977,329
6279,7978,361
6280,7979,1450
6281,7982,184
6282,7983,25
6283,7984,25
6284,7987,1468
6285,7993,18
6286,7994,18
6287,7997,25
6288,3139,319
6289,8000,150
6290,8001,150
6291,8002,1211
6292,8003,1488
6293,8004,150
6294,8005,150
6295,8006,239
6296,8007,1405
6297,8008,1142
6298,8009,72
6299,8010,137
6300,8011,16
6301,8013,150
6302,8014,95
6303,8015,361
6304,8017,27
6305,4743,1489
6306,4841,257
6309,4907,1490
6310,4910,221
6311,4913,1491
6312,4935,1491
6313,5626,1492
6315,5627,1493
6316,5630,1494
6317,5651,56
6318,5665,416
6319,5682,108
6320,5712,120
6321,5716,58
6322,6072,197
6324,8020,110
6325,8021,80
6326,8022,108
6327,8023,110
6329,4701,113
6330,8026,1371
6331,8027,141
6332,8028,141
6333,8029,141
6334,8030,141
6335,4828,1127
6336,8031,1371
6338,8033,1446
6339,8034,16
6340,8035,110
6341,8036,206
6342,8037,206
6343,8038,16
6344,8039,50
6345,5964,121
6346,5740,308
6347,8041,1446
6348,8042,195
6349,8044,128
6350,8045,128
6351,7542,1495
6354,8047,318
6355,8048,1375
6356,8050,1375
6357,8051,1375
6358,8052,72
6359,8053,304
6360,5461,1126
6361,4740,317
6362,5779,392
6363,8054,337
6364,8055,132
6365,8056,318
6366,8057,16
6367,8058,1165
6368,8059,132
6369,8060,16
6371,8061,84
6372,8062,120
6374,8063,120
6375,8064,223
6376,8065,132
6377,8066,66
6378,8067,39
6379,8068,72
6380,8069,1168
6381,8070,66
6382,8071,112
6383,8072,132
6384,8073,132
6385,8074,223
6386,8075,72
6387,8076,72
6388,8077,168
6389,8078,1397
6390,8079,84
6391,8080,132
6392,8081,75
6393,8082,62
6397,6079,315
6402,8088,221
6403,8089,16
6404,8090,112
6405,8092,275
6406,8093,206
6407,8094,187
6408,8095,318
6409,8096,233
6410,8097,233
6411,8098,437
6412,8099,1371
6413,8100,424
6414,8101,212
6415,8102,396
6416,8103,212
6417,8104,206
6418,8105,212
6419,8110,150
6420,8111,150
6421,8112,385
6422,8113,264
6423,8114,264
6424,8115,264
6425,8117,150
6426,8118,150
6427,8119,150
6428,8120,150
6429,8121,150
6430,8122,150
6431,8123,150
6432,8126,150
6433,8127,150
6434,8128,58
6438,8132,319
6439,8133,319
6440,8134,319
6441,8135,319
6442,8136,816
6443,8137,1391
6444,8138,816
6445,8139,295
6446,8140,150
6447,8141,195
6448,8143,113
6449,8148,75
6450,8150,64
6451,8151,1265
6452,8153,64
6453,8155,50
6454,8158,8
6456,8160,798
6457,8162,117
6458,8163,426
6460,8159,1371
6461,1313,269
6464,8164,1074
6467,8173,374
6469,8175,255
6470,8177,170
6471,8178,385
6472,7193,229
6474,6082,1486
6475,8186,132
6476,6893,1396
6477,8188,363
6478,5971,108
6479,8189,179
6482,8192,385
6483,8193,108
6484,8194,241
6486,8200,1115
6487,8201,56
6488,8202,206
6489,8203,18
6490,8204,1446
6491,8214,329
6492,8222,16
6493,8223,308
6494,8226,108
6495,8232,1446
6496,5642,1078
6497,5643,309
6498,4842,168
6499,5644,1371
6500,5646,1395
6501,8239,188
6502,5648,1147
6503,5650,88
6504,5652,1446
6505,5639,1295
6506,5654,120
6507,5655,313
6508,5659,120
6512,5660,120
6513,5662,33
6514,5663,176
6515,5664,208
6517,7265,100
6518,7259,113
6519,4762,113
6520,5668,25
6521,5670,70
6522,5671,120
6523,5672,217
6524,5673,221
6525,5675,279
6526,5676,308
6527,5678,206
6528,5680,308
6529,5683,108
6530,5695,178
6531,5696,110
6532,5698,191
6533,8245,111
6534,6067,111
6536,8247,72
6537,8248,1426
6538,8249,1426
6539,3847,111
6544,5706,49
6545,5708,1355
6547,4024,111
6550,8256,239
6551,8257,72
6561,8271,313
6563,6015,1496
6608,6016,1356
6565,6107,1344
6566,8276,1344
6568,6250,1344
6570,5710,120
6571,4877,120
6572,5715,456
6573,5717,168
6574,5718,58
6575,5720,1465
6576,5722,136
6577,5723,108
6578,5724,108
6579,5726,108
6580,5736,108
6581,5746,60
6582,5747,308
6583,5748,308
6584,5752,1213
6585,5753,1213
6586,5754,108
6587,5755,206
6591,8282,1356
6592,8283,95
6593,8284,1356
6594,8285,316
6595,8287,1498
6596,8289,1356
6597,8290,254
6600,8292,1499
6601,8293,1498
6602,8294,1501
6603,8295,1502
6604,8296,1356
6605,8297,1430
6606,8298,1498
6607,8299,1503
6609,6019,1504
6610,7131,26
6617,8308,84
6618,8309,1417
6619,7789,10
6622,8316,93
6623,8318,92
6624,8320,322
6625,8321,300
6626,8322,84
6629,8325,25
6631,8327,10
6633,8331,110
6635,8332,76
6647,8345,1262
6648,8347,225
6656,4705,25
6657,8358,1478
6661,6606,416
6693,4859,437
6694,4830,437
6696,8407,66
6697,8406,73
6700,8408,121
6701,8409,121
6708,8417,1394
6709,8418,167
6711,8421,184
6712,8422,10
6717,8431,167
6720,8433,254
6721,8434,68
6722,8435,2
6723,8436,26
6735,8437,1384
6725,8438,225
6726,8439,182
6727,8440,1508
6728,8441,1441
6729,8443,110
6730,8444,374
6731,8445,58
6732,8446,366
6733,8447,32
6734,8448,99
6736,8450,1477
6737,8451,319
6738,8452,173
6739,8453,173
6740,8454,173
6741,8455,173
6742,8456,319
6743,8457,1077
6744,8458,150
6745,8459,319
6746,8108,194
6747,8460,306
6748,8461,306
6749,8462,141
6750,8463,191
