"swpID","subworkID","poemID"
8268,229,15414
3042,0,6
3050,0,14
12059,216,15834
19,0,2011
20,0,2016
21,0,2017
22,0,2018
23,0,2019
24,0,2020
25,0,2021
26,0,2022
27,0,2023
28,0,2024
29,0,2025
30,0,2026
31,0,2027
32,0,2028
33,0,2029
34,0,2030
35,0,2031
36,0,2032
37,0,2033
38,0,2034
39,0,2035
40,0,2036
41,0,2037
42,0,2038
43,0,2039
44,0,2040
45,0,2041
46,0,2042
47,0,2043
48,0,2044
49,0,2045
50,0,2046
51,0,2047
52,0,2048
53,0,2049
54,0,2050
55,0,2051
56,0,2052
57,0,2053
58,0,2054
59,0,2055
60,0,2056
61,0,2057
62,0,2058
63,0,2059
64,0,2060
65,0,2061
66,0,2062
67,0,2063
68,0,2064
69,0,2065
70,0,2066
71,0,2067
72,0,2068
73,0,2069
74,0,2070
75,0,2071
76,0,2072
77,0,2073
78,0,2074
79,0,2075
80,0,2076
81,0,2077
82,0,2078
83,0,2079
84,0,2080
85,0,2097
86,0,2098
87,0,2099
88,0,2100
89,0,2101
90,0,2115
91,0,2116
12058,216,15833
12057,215,15829
94,0,2120
95,0,2121
96,0,2122
97,0,2123
98,0,2124
99,0,2125
100,0,2126
101,0,2127
102,0,2128
103,0,2129
104,0,2130
105,0,2131
106,0,2132
107,0,2133
108,0,2134
109,0,2135
110,0,2136
111,0,2137
112,0,2138
113,0,2139
114,0,2140
115,0,2141
116,0,2142
117,0,2143
118,0,2144
119,0,2145
120,0,2146
121,0,2147
122,0,2148
123,0,2149
124,0,2150
12056,215,15818
12055,215,15813
12054,215,15812
12053,214,15809
129,0,2155
130,0,2156
131,0,2157
132,0,2158
133,0,2159
134,0,2160
135,0,2161
136,0,2162
137,0,2163
138,0,2164
139,0,2165
140,0,2166
141,0,2167
142,0,2168
143,0,2169
144,0,2170
145,0,2171
146,0,2172
147,0,2173
148,0,2174
1788,0,2175
150,0,2176
151,0,2177
152,0,2178
153,0,2179
154,0,2180
155,0,2181
156,0,2182
157,0,2183
158,0,2184
159,0,2185
160,0,2186
161,0,2187
162,0,2188
163,0,2189
164,0,2190
165,0,2191
166,0,2192
167,0,2193
168,0,2194
169,0,2195
170,0,2196
171,0,2197
172,0,2198
173,0,2199
174,0,2200
175,0,2204
176,0,2205
177,0,2206
178,0,2207
179,0,2208
12052,214,15792
181,0,2449
182,0,2451
183,0,2452
184,0,2453
185,0,2454
186,0,2455
187,0,2456
188,0,2457
189,0,2458
190,0,2459
191,0,2460
192,0,2461
193,0,2462
194,0,2463
195,0,2464
196,0,2465
197,0,2466
198,0,2467
199,0,2468
12051,214,15781
201,0,2470
202,0,2471
203,0,2472
204,0,2473
205,0,2474
206,0,2475
207,0,2476
208,0,2477
209,0,2478
210,0,2479
211,0,2480
212,0,2481
213,0,2482
214,0,2483
215,0,2484
216,0,2485
217,0,2486
218,0,2487
219,0,2488
220,0,2489
221,0,2490
222,0,2491
223,0,2492
224,0,2493
225,0,2494
226,0,2495
227,0,2496
228,0,2497
229,0,2498
230,0,2499
231,0,2500
232,0,2501
233,0,2502
234,0,2503
235,0,2504
236,0,2505
237,0,2506
238,0,2507
239,0,2508
240,0,2509
241,0,2510
242,0,2511
243,0,2512
244,0,2513
245,0,2514
246,0,2515
247,0,2516
248,0,2517
249,0,2518
250,0,2519
251,0,2520
252,0,2521
253,0,2522
254,0,2523
255,0,2524
256,0,2525
257,0,2526
258,0,2002
259,0,2533
260,0,2534
261,0,2535
262,0,2536
263,0,2537
264,0,2539
265,0,2540
266,0,2541
267,0,2543
268,0,2547
269,0,2548
270,0,2549
271,0,2550
12050,214,15776
273,0,2552
274,0,2553
275,0,2554
276,0,2555
277,0,2557
278,0,2558
279,0,2559
280,0,2560
282,0,2561
283,0,2663
284,0,2664
285,0,2665
286,0,2666
287,0,2667
288,0,2668
289,0,2669
290,0,2670
291,0,2671
292,0,2672
293,0,2673
294,0,2674
295,0,2675
296,0,2676
297,0,2677
298,0,2683
299,0,2684
300,0,2686
301,0,2687
302,0,2688
303,0,2689
304,0,2690
305,0,2691
306,0,2692
307,0,2694
308,0,2696
309,0,2697
310,0,2698
311,0,2699
312,0,2700
313,0,2711
314,0,2712
315,0,2713
316,0,2714
317,0,2715
318,0,2716
319,0,2717
320,0,2718
321,0,2719
322,0,2723
1884,0,2724
1885,0,2726
1886,0,2727
326,0,2738
327,0,2740
328,0,2743
329,0,2744
330,0,2748
331,0,2749
1892,0,2754
333,0,2757
1893,0,2759
1895,0,2760
336,0,2761
1896,0,2763
1897,0,2764
339,0,2765
1899,0,2766
1900,0,2767
342,0,2768
1903,0,2769
344,0,2770
345,0,2771
346,0,2773
1904,0,2774
348,0,2775
349,0,2776
1905,0,2777
351,0,2831
352,0,2832
353,0,2833
354,0,2834
355,0,2835
356,0,2836
357,0,2837
358,0,2838
12284,0,2839
360,0,2840
361,0,2841
362,0,2842
1731,0,2843
1906,0,2844
365,0,2845
1733,0,2846
1745,0,2847
1749,0,2848
1907,0,2853
1908,0,2854
371,0,2855
1755,0,2856
1909,0,2857
374,0,2858
1756,0,2859
376,0,2861
1913,0,2862
378,0,2863
379,0,2864
1914,0,2865
1915,0,2866
1760,0,2867
383,0,2868
1917,0,2869
385,0,2870
386,0,2871
387,0,2873
1919,0,2874
389,0,2875
390,0,2876
391,0,2877
1762,0,2878
393,0,2879
1766,0,2880
395,0,2881
396,0,2882
1770,0,2883
399,0,2884
400,0,2885
401,0,2886
402,0,2887
403,0,2888
404,0,2889
405,0,2890
406,0,2891
407,0,2892
408,0,2893
409,0,2894
410,0,2895
411,0,2896
412,0,2897
413,0,2898
414,0,2899
415,0,2900
416,0,2901
417,0,2902
418,0,2903
419,0,2904
420,0,2905
421,0,2906
422,0,2907
423,0,2908
424,0,2909
425,0,2910
426,0,2911
427,0,2912
1920,0,2934
1922,0,2935
430,0,2936
1924,0,2937
1926,0,2938
1928,0,2939
434,0,2940
435,0,2941
1929,0,2943
437,0,2944
1930,0,2945
439,0,2946
1931,0,2947
441,0,2948
1932,0,2949
443,0,2950
1933,0,2951
1934,0,2952
446,0,2953
1935,0,2954
1937,0,2955
1939,0,2956
450,0,2957
1940,0,2958
452,0,2959
1941,0,2960
454,0,2961
1942,0,2962
456,0,2963
1944,0,2964
458,0,2965
1945,0,2966
1946,0,2967
461,0,2968
1948,0,2970
463,0,2971
1950,0,2972
465,0,2973
466,0,2974
467,0,2977
1951,0,2978
469,0,2979
1952,0,2980
471,0,2981
472,0,2982
473,0,2983
1956,0,2985
475,0,2986
1958,0,2987
477,0,2988
478,0,2989
479,0,2991
1959,0,2992
1960,0,2993
482,0,2994
1961,0,2995
484,0,2996
485,0,2997
1962,0,2998
487,0,2999
1963,0,3000
1964,0,3001
1965,0,3002
491,0,3003
1966,0,3004
494,0,3005
1967,0,3006
496,0,3007
497,0,3008
1969,0,3009
499,0,3010
1970,0,3011
1971,0,3012
12049,214,15775
503,0,3014
1973,0,3015
12288,0,3016
507,0,3017
508,0,3018
509,0,3019
511,0,3020
512,0,3021
513,0,3022
1771,0,3023
520,0,3024
521,0,3025
522,0,3026
523,0,3027
524,0,3028
525,0,3029
526,0,3030
527,0,3031
528,0,3032
529,0,3033
530,0,3034
531,0,3035
532,0,3036
536,0,3037
537,0,3038
538,0,3039
539,0,3040
540,0,3041
541,0,3042
542,0,3043
543,0,3044
544,0,3045
545,0,3046
546,0,3047
547,0,3048
548,0,3049
549,0,3050
550,0,3051
551,0,3052
553,0,3053
554,0,3054
555,0,3055
556,0,3056
557,0,3057
558,0,3058
559,0,3059
560,0,3060
561,0,3061
562,0,3062
563,0,3063
564,0,3064
565,0,3065
566,0,3066
568,0,3067
569,0,3068
570,0,3069
571,0,3070
572,0,3071
573,0,3072
3700,0,3073
575,0,3074
576,0,3075
577,0,3076
578,0,3077
579,0,3078
580,0,3079
581,0,3080
582,0,3081
583,0,3082
584,0,3083
585,0,3084
586,0,3085
587,0,3086
588,0,3087
589,0,3088
590,0,3089
591,0,3090
592,0,3091
593,0,3092
594,0,3093
595,0,3094
596,0,3095
597,0,3096
598,0,3097
599,0,3098
600,0,3099
601,0,3100
602,0,3101
603,0,3102
604,0,3103
605,0,3104
606,0,3105
607,0,3106
608,0,3107
609,0,3108
610,0,3109
611,0,3110
612,0,3111
613,0,3112
614,0,3113
615,0,3114
616,0,3115
617,0,3116
618,0,3117
619,0,3118
620,0,3119
621,0,3120
622,0,3121
623,0,3123
624,0,3124
625,0,3126
626,0,3128
627,0,3129
628,0,3130
629,0,3131
630,0,3132
631,0,3133
632,0,3134
633,0,3135
634,0,3136
635,0,3138
636,0,3140
637,0,3141
638,0,3142
639,0,3146
640,0,3147
641,0,3148
642,0,3151
643,0,3152
644,0,3155
645,0,3157
646,0,3158
647,0,3160
648,0,3161
649,0,3162
650,0,3165
651,0,3167
652,0,3172
653,0,3173
654,0,3174
655,0,3175
656,0,3178
657,0,3179
658,0,3181
659,0,3183
660,0,3185
661,0,3187
662,0,3188
663,0,3189
664,0,3191
665,0,3192
666,0,3194
667,0,3195
668,0,3196
669,0,3197
670,0,3199
671,0,3200
672,0,3201
673,0,3203
674,0,3204
675,0,3205
676,0,3206
677,0,3208
678,0,3219
679,0,3220
680,0,3221
681,0,3222
682,0,3223
683,0,3224
684,0,3225
685,0,3226
686,0,3227
687,0,3228
688,0,3229
689,0,3230
690,0,3231
691,0,3232
692,0,3233
693,0,3234
694,0,3235
695,0,3236
696,0,3237
697,0,3238
698,0,3239
699,0,3240
700,0,3241
701,0,3242
702,0,3243
703,0,3244
704,0,3245
705,0,3246
706,0,3247
707,0,3248
708,0,3249
709,0,3250
710,0,3251
711,0,3252
712,0,3253
713,0,3254
714,0,3255
715,0,3256
716,0,3257
717,0,3258
718,0,3259
719,0,3260
720,0,3261
721,0,3262
722,0,3263
723,0,3264
724,0,3265
725,0,3266
726,0,3267
727,0,3268
728,0,3269
729,0,3270
730,0,3271
731,0,3272
1772,0,3273
733,0,3274
1774,0,3275
735,0,3276
736,0,3277
910,0,3278
747,0,3279
1974,0,3280
742,0,3281
743,0,3282
744,0,3283
745,0,3284
746,0,3285
748,0,3287
12048,213,15763
1979,0,3290
1983,0,3291
752,0,3292
12047,213,15735
1986,0,3294
755,0,3295
756,0,3296
12046,213,15730
1988,0,3299
759,0,3300
761,0,3301
1989,0,3302
1992,0,3303
12045,213,15729
1994,0,3305
1999,0,3306
2000,0,3307
769,0,3308
1779,0,3309
771,0,3310
2001,0,3311
773,0,3312
774,0,3313
775,0,3314
776,0,3315
777,0,3316
2002,0,3317
779,0,3318
780,0,3319
781,0,3321
2004,0,3322
783,0,3323
2006,0,3324
785,0,3325
2007,0,3326
2009,0,3327
788,0,3328
2013,0,3330
790,0,3331
791,0,3332
2014,0,3334
793,0,3335
794,0,3336
2015,0,3337
2016,0,3338
797,0,3339
2017,0,3340
2018,0,3341
800,0,3342
1794,0,3343
2020,0,3344
2024,0,3346
2027,0,3347
2028,0,3348
2030,0,3349
2032,0,3350
2034,0,3351
809,0,3352
2040,0,3354
1783,0,3357
2042,0,3358
813,0,3359
2043,0,3360
815,0,3361
2045,0,3362
817,0,3363
2048,0,3365
819,0,3366
12044,213,15727
821,0,3368
822,0,3370
2049,0,3371
2051,0,3372
12043,211,15603
2052,0,3374
2053,0,3375
828,0,3376
2054,0,3377
12042,211,15602
2055,0,3379
832,0,3380
833,0,3381
2634,0,3382
2056,0,3383
836,0,3384
12041,210,15371
2057,0,3386
12036,209,15181
2058,0,3388
2061,0,3389
11669,0,21438
844,0,3391
845,0,3392
846,0,3393
11685,119,25252
2062,0,3395
849,0,3397
2067,0,3398
12040,210,15357
12039,210,15344
2068,0,3403
2069,0,3404
855,0,3405
856,0,3406
2073,0,3407
1800,0,3408
2076,0,3409
860,0,3411
861,0,3412
2079,0,3413
1801,0,3414
864,0,3415
12038,210,15343
866,0,3417
1802,0,3419
2080,0,3420
2082,0,3421
870,0,3422
2083,0,3423
1803,0,3424
873,0,3425
2084,0,3426
12037,209,15335
5195,0,6951
12035,208,15175
879,0,3430
880,0,3431
881,0,3432
882,0,3433
883,0,3434
884,0,3435
885,0,3436
886,0,3437
887,0,3438
888,0,3439
889,0,3440
890,0,3441
891,0,3442
892,0,3443
893,0,3444
894,0,3445
895,0,3446
896,0,3447
897,0,3448
898,0,3449
899,0,3451
900,0,3452
901,0,3453
902,0,3454
903,0,3455
904,0,3456
905,0,3457
906,0,3458
907,0,3459
908,0,3460
909,0,3461
12034,208,15159
12033,208,15132
1776,0,3466
12032,208,15125
918,0,3472
12031,208,15122
1778,0,3474
922,0,3475
923,0,3477
1784,0,3478
925,0,3479
1786,0,3480
927,0,3481
935,0,3482
1799,0,3483
932,0,3484
934,0,3485
936,0,3487
937,0,3488
12287,0,3489
939,0,3490
10793,46,18842
941,0,3492
942,0,3493
943,0,3494
944,0,3495
945,0,3496
946,0,3497
947,0,3498
948,0,3499
949,0,3500
950,0,3501
951,0,3502
952,0,3503
953,0,3504
954,0,3505
955,0,3506
956,0,3507
958,0,3508
959,0,3509
960,0,3510
961,0,3511
962,0,3512
963,0,3513
964,0,3515
965,0,3518
966,0,3520
12289,0,3521
10792,0,3522
10794,46,18843
10795,46,18844
971,0,3525
972,0,3526
973,0,3527
974,0,3528
975,0,3529
976,0,3530
977,0,3531
978,0,3532
979,0,3533
980,0,3534
981,0,3535
982,0,3536
983,0,3537
984,0,3538
985,0,3539
986,0,3540
987,0,3541
988,0,3542
989,0,3543
990,0,3544
991,0,3545
992,0,3546
993,0,3547
994,0,3549
995,0,3550
996,0,3551
997,0,3552
1131,0,3553
12030,207,15095
1000,0,3555
1001,0,3556
1002,0,3557
1003,0,3558
1004,0,3559
12029,207,15090
1006,0,3562
1007,0,3563
12028,207,15088
12027,207,15087
12026,206,15076
12025,206,15071
12024,206,14964
12023,206,14945
12022,206,14944
1015,0,3571
1016,0,3572
1017,0,3573
1018,0,3574
1019,0,3575
1020,0,3576
12021,206,14942
1022,0,3580
1023,0,3581
1024,0,3582
1025,0,3583
1026,0,3584
1027,0,3585
1028,0,3586
1029,0,3587
1030,0,3588
1031,0,3589
1032,0,3590
1033,0,3592
1034,0,3593
1035,0,3594
1036,0,3595
1037,0,3596
1038,0,3597
1039,0,3599
2090,0,3600
2091,0,3601
2094,0,3602
2096,0,3603
1044,0,3604
1045,0,3606
2099,0,3607
1047,0,3608
2100,0,3610
2101,0,3611
2103,0,3612
1051,0,3613
2105,0,3614
2110,0,3615
1054,0,3616
1055,0,3617
1056,0,3619
2112,0,3620
2114,0,3621
1059,0,3622
2119,0,3623
12020,206,14936
1063,0,3625
1064,0,3626
1065,0,3627
12007,0,29991
12019,206,14932
12018,206,14926
1070,0,3633
12017,206,14894
12015,134,8812
12014,212,15626
12013,0,29995
1075,0,3639
1076,0,3640
1077,0,3641
1078,0,3642
1079,0,3643
1080,0,3644
12008,0,29994
1082,0,3646
1083,0,3647
1084,0,3648
1085,0,3649
1086,0,3650
1087,0,3651
1088,0,3652
1089,0,3653
1090,0,3654
1091,0,3655
1092,0,3657
1093,0,3658
1094,0,3659
1095,0,3660
1096,0,3661
1097,0,3662
1098,0,3663
1099,0,3665
1100,0,3667
1101,0,3668
1102,0,3669
1103,0,3670
1104,0,3671
1105,0,3672
1106,0,3673
1107,0,3674
1108,0,3675
1109,0,3676
1110,0,3677
1111,0,3678
1112,0,3679
2120,0,3680
2121,0,3681
2124,0,3682
2126,0,3683
2128,0,3684
1118,0,3685
2130,0,3686
1120,0,3687
1121,0,3688
2131,0,3689
1123,0,3690
2132,0,3691
1126,0,3692
2134,0,3693
2136,0,3694
2138,0,3695
1132,0,3696
2141,0,3697
1134,0,3698
2142,0,3699
1136,0,3700
1137,0,3701
2144,0,3704
2147,0,3705
1140,0,3706
1141,0,3708
2151,0,3709
2154,0,3710
1144,0,3711
2155,0,3712
2156,0,3713
2158,0,3714
1148,0,3715
2159,0,3717
2160,0,3718
1151,0,3719
2162,0,3720
2165,0,3721
2166,0,3722
1155,0,3723
1156,0,3724
2167,0,3725
2169,0,3726
2172,0,3727
2174,0,3729
2177,0,3730
2181,0,3731
1163,0,3732
1164,0,3734
2182,0,3735
1166,0,3736
1167,0,3737
2183,0,3738
2184,0,3739
1170,0,3740
1171,0,3742
2186,0,3743
1173,0,3744
2187,0,3745
1175,0,3746
1176,0,3747
1177,0,3748
1178,0,3749
2190,0,3750
1180,0,3751
1181,0,3752
2191,0,3753
1183,0,3754
1184,0,3755
2193,0,3756
1186,0,3757
1187,0,3758
1188,0,3759
1189,0,3760
2197,0,3761
1191,0,3762
2199,0,3763
1193,0,3764
2201,0,3765
1196,0,3766
1197,0,3767
1198,0,3768
1199,0,3769
1200,0,3770
1201,0,3772
1202,0,3773
12466,0,29820
1205,0,3775
2202,0,3776
2204,0,3779
12467,0,29819
2206,0,3781
2207,0,3782
2209,0,3783
2211,0,3784
2215,0,3785
1214,0,3786
2216,0,3787
2217,0,3788
2218,0,3789
12004,0,29374
1219,0,3791
2226,0,3794
2239,0,3795
1223,0,3796
11995,0,29243
1225,0,3798
1226,0,3799
1227,0,3800
1228,0,3801
1229,0,3802
1230,0,3803
1231,0,3804
1232,0,3805
1233,0,3806
1234,0,3807
1236,0,3808
11950,0,29169
1238,0,3810
1239,0,3811
1240,0,3812
1241,0,3813
1243,0,3814
1244,0,3815
2242,0,3816
1804,0,3817
1248,0,3818
11667,125,23163
1250,0,3820
1251,0,3821
1252,0,3822
1253,0,3823
1254,0,3824
1255,0,3825
1256,0,3826
1257,0,3827
1258,0,3828
1259,0,3829
1260,0,3830
1261,0,3831
1262,0,3832
1263,0,3833
1264,0,3834
1265,0,3835
1266,0,3836
1267,0,3837
1268,0,3838
1269,0,3839
1270,0,3840
1271,0,3841
1272,0,3842
1273,0,3843
1274,0,3844
1275,0,3845
11990,0,29155
11942,0,29154
11941,0,29152
11940,0,29149
11939,0,29147
11938,0,29145
11937,0,28919
11900,0,27960
11897,0,27570
11882,0,27569
11868,0,27559
11770,0,29714
11769,0,29710
11768,0,29705
11767,0,29708
11766,0,29704
11765,0,29698
1293,0,3863
11764,0,29785
1295,0,3866
11763,0,29693
1297,0,3868
11762,0,29691
1299,0,3870
11761,0,29690
11760,0,29687
11759,0,29682
1303,0,3875
1304,0,3876
1305,0,3877
1306,0,3878
1307,0,3879
1308,0,3880
1309,0,3881
1310,0,3882
1311,0,3883
1312,0,3884
1313,0,3885
1314,0,3886
1315,0,3887
1316,0,3888
1317,0,3889
1318,0,3890
1319,0,3891
1320,0,3892
1321,0,3893
1322,0,3894
1323,0,3895
1324,0,3896
1325,0,3897
1326,0,3898
1327,0,3899
1328,0,3900
1329,0,3901
1330,0,3902
1331,0,3903
1332,0,3904
1333,0,3905
1334,0,3906
1335,0,3907
1336,0,3908
1337,0,3909
1338,0,3910
1339,0,3911
1340,0,3912
1341,0,3913
1342,0,3914
1343,0,3915
1344,0,3916
1345,0,3917
1346,0,3918
1347,0,3919
1348,0,3920
1349,0,3921
1350,0,3922
1351,0,3923
1352,0,3924
1353,0,3925
1354,0,3926
1355,0,3927
1356,0,3928
1357,0,3929
1358,0,3930
1359,0,3931
1360,0,3932
1361,0,3933
1362,0,3934
1363,0,3935
1364,0,3936
1365,0,3937
1366,0,3938
1367,0,3939
1368,0,3940
1369,0,3941
1370,0,3942
1371,0,3943
1372,0,3944
1373,0,3945
1374,0,3948
1375,0,3949
1376,0,3950
1377,0,3951
1378,0,3952
1379,0,3953
1380,0,3954
1381,0,3955
1382,0,3957
1383,0,3959
1384,0,3960
1385,0,3961
1386,0,3962
1387,0,3963
1388,0,3965
1389,0,3966
1390,0,3967
1391,0,3968
1392,0,3969
1393,0,3970
1394,0,3971
1395,0,3973
1396,0,3974
1397,0,3975
1398,0,3976
1399,0,3977
1400,0,3978
1401,0,3979
1402,0,3980
1403,0,3981
1404,0,3983
1405,0,3984
1406,0,3985
1407,0,3986
1408,0,3987
1409,0,3988
1410,0,3989
1411,0,3990
1412,0,3991
1413,0,3992
1414,0,3993
1415,0,3994
1416,0,3995
1417,0,3996
1418,0,3997
1419,0,3999
1420,0,4000
1421,0,4001
1422,0,4002
1423,0,4004
1424,0,4005
1425,0,4006
1426,0,4007
1427,0,4008
1428,0,4009
1429,0,4010
1430,0,4011
1431,0,4013
1432,0,4014
1433,0,4015
1434,0,4017
1435,0,4018
1436,0,4019
1437,0,4020
1438,0,4021
1439,0,4022
1440,0,4023
1441,0,4024
1442,0,4025
1443,0,4026
1444,0,4027
1445,0,4028
1446,0,4029
1447,0,4030
1448,0,4031
1449,0,4032
1450,0,4036
1451,0,4037
1452,0,4038
1453,0,4065
1454,0,4066
1455,0,4067
1456,0,4068
1457,0,4069
1458,0,4070
1459,0,4071
1460,0,4072
1461,0,4073
1462,0,4074
1463,0,4075
1464,0,4076
1465,0,4077
1466,0,4078
1467,0,4079
1468,0,4080
1469,0,4081
1470,0,4082
1471,0,4083
1472,0,4084
1473,0,4085
1474,0,4086
1475,0,4087
1476,0,4088
1477,0,4089
1478,0,4090
1479,0,4091
1480,0,4092
1481,0,4093
1482,0,4094
11693,125,25284
1484,0,4096
1485,0,4097
1486,0,4098
1487,0,4099
1488,0,4100
1489,0,4101
1490,0,4102
1491,0,4103
1492,0,4104
1493,0,4105
1494,0,4106
1495,0,4107
1496,0,4108
1497,0,4109
1498,0,4110
1499,0,4111
1500,0,4112
1501,0,4113
1502,0,4114
1503,0,4115
1504,0,4116
1505,0,4117
1506,0,4118
1507,0,4119
1508,0,4120
1509,0,4121
1510,0,4123
1511,0,4124
1512,0,4125
1513,0,4126
1514,0,4127
1515,0,4128
1516,0,4129
1517,0,4130
1518,0,4131
1519,0,4132
1520,0,4133
1521,0,4135
1808,0,4138
1810,0,4139
1524,0,4140
1812,0,4141
1813,0,4142
1527,0,4143
1814,0,4144
1529,0,4145
1530,0,4146
1815,0,4147
1532,0,4148
1817,0,4149
1534,0,4150
1819,0,4151
1820,0,4152
1537,0,4153
1538,0,4154
1822,0,4156
1823,0,4157
1541,0,4158
1824,0,4159
1543,0,4160
1544,0,4162
1827,0,4163
1546,0,4164
1828,0,4165
1548,0,4166
1549,0,4167
1829,0,4168
1830,0,4169
1552,0,4170
1553,0,4171
1554,0,4173
1555,0,4174
1556,0,4175
1557,0,4176
1558,0,4177
1559,0,4178
1560,0,4179
1561,0,4180
1562,0,4181
1563,0,4182
1564,0,4183
1565,0,4184
1566,0,4185
11757,0,29677
1568,0,4189
1569,0,4190
1570,0,4191
1571,0,4192
1572,0,4193
1573,0,4194
1589,0,4195
1575,0,4196
12061,216,15844
1577,0,4198
1578,0,4199
1579,0,4200
1580,0,4201
1581,0,4202
1582,0,4203
11668,0,17125
1584,0,4205
1585,0,4206
11666,125,23162
1587,0,4208
1588,0,4209
1590,0,4210
1591,0,4211
1592,0,4212
1834,0,4214
1835,0,4215
1595,0,4216
1836,0,4217
1597,0,4218
1598,0,4219
1837,0,4220
1838,0,4221
1839,0,4222
1847,0,4223
1848,0,4225
1850,0,4227
1851,0,4228
1852,0,4229
1854,0,4230
1608,0,4231
1855,0,4232
1856,0,4233
1611,0,4234
1857,0,4235
1613,0,4236
1858,0,4237
1859,0,4238
1860,0,4239
1617,0,4240
1861,0,4241
1619,0,4242
1863,0,4244
1864,0,4245
1867,0,4247
1871,0,4248
1874,0,4249
1880,0,4250
1626,0,4253
1627,0,4255
1628,0,4256
1629,0,4257
1630,0,4258
1631,0,4259
1632,0,4260
11756,0,29675
11755,0,29674
11754,0,29667
11753,0,29666
1637,0,4265
1638,0,4266
1639,0,4267
1640,0,4268
1641,0,4269
1642,0,4270
1643,0,4271
1644,0,4272
1645,0,4273
1646,0,4274
1647,0,4275
1648,0,4276
1649,0,4277
1650,0,4278
1651,0,4279
1652,0,4280
1653,0,4281
1654,0,4282
1655,0,4285
1696,0,4287
1659,0,4288
1697,0,4289
1661,0,4290
1698,0,4291
1663,0,4292
1699,0,4293
1700,0,4294
1702,0,4296
1703,0,4297
1704,0,4298
1669,0,4299
1705,0,4300
1708,0,4301
1709,0,4302
1710,0,4303
1711,0,4304
1676,0,4305
1713,0,4306
1715,0,4307
1679,0,4309
1718,0,4310
1719,0,4311
1682,0,4312
1683,0,4313
1720,0,4314
1685,0,4315
1686,0,4316
1722,0,4318
1723,0,4319
1689,0,4320
1724,0,4321
1691,0,4322
1692,0,4325
1727,0,4326
1701,0,4295
1717,0,4308
1721,0,4317
1725,0,4323
1726,0,4324
1754,0,2850
1789,0,4327
1790,0,4328
1793,0,4329
1795,0,4332
1807,0,4137
1821,0,4155
1826,0,4161
1832,0,4172
1833,0,4213
1849,0,4226
1862,0,4243
1891,0,2751
1910,0,2860
1947,0,2969
1953,0,2984
1976,0,3286
1978,0,3288
2010,0,3329
2022,0,3345
2037,0,3353
2041,0,3356
2046,0,3364
2088,0,3598
2143,0,3703
2149,0,3707
2173,0,3728
2225,0,3792
2245,0,4334
2246,0,4335
2247,0,4336
2248,0,4337
2249,0,4338
2250,0,4340
2251,0,4341
2252,0,4342
2253,0,4343
2254,0,4344
2255,0,4345
2256,0,4347
2257,0,4348
2258,0,4349
2259,0,4350
2260,0,4351
2261,0,4352
2262,0,4353
2263,0,4354
2264,0,4355
2265,0,4356
2266,0,4357
2267,0,4358
2268,0,4359
2269,0,4360
2270,0,4361
2271,0,4362
2272,0,4363
2273,0,4364
2274,0,4365
2275,0,4366
2276,0,4367
2277,0,4368
2278,0,4370
2279,0,4371
2280,0,4373
2282,0,4374
2283,0,4375
2284,0,4376
2285,0,4377
2286,0,4378
2287,0,4379
2288,0,4380
2289,0,4382
2290,0,4383
2291,0,4384
2292,0,4385
2294,0,4386
2295,0,4387
2296,0,4388
2297,0,4389
2298,0,4390
2300,0,4391
2301,0,4392
2302,0,4393
2303,0,4394
2304,0,4395
2490,0,4396
2306,0,4397
2307,0,4398
2308,0,4399
2309,0,4400
2310,0,4401
2311,0,4402
2312,0,4403
2313,0,4404
2314,0,4405
2315,0,4406
2316,0,4407
2317,0,4408
2318,0,4409
2319,0,4411
2320,0,4412
2321,0,4413
2322,0,4414
2323,0,4415
2324,0,4416
2325,0,4417
2326,0,4418
2327,0,4419
2328,0,4420
2329,0,4421
2330,0,4422
2331,0,4423
2332,0,4424
2333,0,4425
2334,0,4426
2335,0,4428
2336,0,4429
2337,0,4430
2338,0,4431
2339,0,4432
2340,0,4433
2341,0,4434
2342,0,4435
2343,0,4436
2344,0,4437
2345,0,4438
2346,0,4439
2347,0,4440
2348,0,4441
2349,0,4442
2350,0,4443
2351,0,4444
2352,0,4445
2353,0,4446
2354,0,4447
2355,0,4448
2356,0,4449
2357,0,4450
2358,0,4451
2359,0,4452
2360,0,4453
2361,0,4454
2362,0,4455
2363,0,4456
2364,0,4457
2365,0,4458
2366,0,4459
2367,0,4460
2368,0,4461
2369,0,4462
2370,0,4463
2371,0,4464
2372,0,4465
2373,0,4466
2374,0,4467
2375,0,4468
2376,0,4469
2377,0,4470
2378,0,4471
2379,0,4472
2380,0,4473
2381,0,4474
2382,0,4475
2383,0,4476
2384,0,4477
2385,0,4478
2386,0,4479
2387,0,4480
2388,0,4481
2389,0,4482
2390,0,4483
2391,0,4484
2392,0,4485
2393,0,4486
2394,0,4487
2395,0,4488
2396,0,4489
2397,0,4490
2398,0,4491
2399,0,4492
2400,0,4493
2401,0,4494
2402,0,4495
2403,0,4496
2408,0,4497
2406,0,4498
2409,0,4499
2410,0,4500
2411,0,4501
2412,0,4502
2413,0,4503
2414,0,4504
2415,0,4505
2416,0,4506
2417,0,4507
2418,0,4508
2419,0,4509
2420,0,4510
2421,0,4511
2422,0,4512
2423,0,4513
2424,0,4514
2425,0,4515
2426,0,4516
2427,0,4517
2428,0,4518
2429,0,4519
2430,0,4520
2431,0,4521
2432,0,4522
2433,0,4523
2434,0,4524
2435,0,4525
2436,0,4526
2437,0,4527
2438,0,4528
2439,0,4529
2440,0,4530
2441,0,4531
2442,0,4532
2443,0,4533
2444,0,4534
2445,0,4535
2446,0,4536
2447,0,4537
2448,0,4538
2449,0,4539
2450,0,4540
2451,0,4541
2452,0,4542
2453,0,4543
2454,0,4544
2455,0,4545
2456,0,4546
2457,0,4547
2458,0,4548
2459,0,4549
2460,0,4550
2461,0,4551
2462,0,4552
11752,0,29660
11751,0,29657
11732,0,29060
11731,0,28869
11728,0,28868
11727,0,28867
11724,0,28241
2470,0,4560
2471,0,4561
11726,0,4562
2473,0,4563
2474,0,4564
2475,0,4565
2476,0,4566
2477,0,4567
2479,0,4568
2480,0,4570
2481,0,4571
2482,0,4572
2483,0,4573
2484,0,4574
2485,0,4575
2486,0,4576
2487,0,4578
11723,0,27998
11721,0,27997
2492,0,4584
2493,0,4586
2494,0,4587
2495,0,4588
2496,0,4589
2497,0,4590
2498,0,4591
2499,0,4592
2500,0,4593
2501,0,4594
2502,0,4595
2503,0,4597
2504,0,4598
2505,0,4599
2506,0,4600
2507,0,4601
2508,0,4602
2509,0,4603
2510,0,4604
2511,0,4605
2512,0,4606
2513,0,4607
2514,0,4608
2515,0,4609
2516,0,4610
2622,0,4611
2518,0,4612
2519,0,4613
2520,0,4614
2521,0,4615
2522,0,4616
2523,0,4617
2524,0,4618
2525,0,4619
2526,0,4620
2527,0,4621
2623,0,4622
2529,0,4623
2530,0,4624
2531,0,4625
2532,0,4626
2533,0,4627
2534,0,4628
2535,0,4629
2536,0,4630
2537,0,4631
2538,0,4632
2539,0,4633
2540,0,4634
2541,0,4635
2542,0,4636
2543,0,4637
2544,0,4638
2545,0,4639
2546,0,4640
2547,0,4641
2548,0,4642
2549,0,4643
2550,0,4644
2551,0,4645
2552,0,4646
2553,0,4647
2554,0,4648
2555,0,4649
2556,0,4650
2557,0,4651
2558,0,4652
2559,0,4653
2560,0,4654
2561,0,4655
2562,0,4656
2563,0,4657
2564,0,4658
2565,0,4659
2566,0,4660
2567,0,4661
2568,0,4662
2569,0,4663
2570,0,4664
2571,0,4665
2572,0,4666
2573,0,4667
2574,0,4668
2575,0,4669
2576,0,4670
2577,0,4671
2578,0,4672
2579,0,4673
2580,0,4674
2581,0,4675
2582,0,4676
2583,0,4677
2584,0,4678
2585,0,4679
2586,0,4680
2587,0,4681
2588,0,4682
2589,0,4683
2590,0,4684
2591,0,4685
2592,0,4686
2593,0,4687
2594,0,4688
2595,0,4689
2596,0,4690
2597,0,4691
2598,0,4692
2599,0,4693
2600,0,4694
2601,0,4695
2602,0,4696
2605,0,4697
2606,0,4698
2607,0,4699
2608,0,4700
2609,0,4701
2610,0,4702
2611,0,4703
2625,0,4704
2613,0,4705
2614,0,4706
2615,0,4707
2616,0,4708
2617,0,4709
2619,0,4710
2620,0,4711
2621,0,4712
2626,0,4713
11720,0,27996
11718,0,27992
11717,0,27988
11716,0,27983
11707,106,25632
2632,0,4720
2633,0,4725
2635,0,4733
2636,0,4734
2637,0,4735
2638,0,4736
2639,0,4737
2640,0,4738
12205,0,4739
2664,125,4740
2667,125,4741
2669,125,4742
2670,0,4743
2671,0,4744
11670,0,4745
2674,0,4746
2694,126,4748
2695,126,4749
2696,126,4750
2697,126,4751
2698,126,4752
2699,126,4753
2700,126,4754
12291,126,4747
2693,126,4755
2684,126,4756
2702,126,4762
2692,126,4757
2701,126,4758
10798,46,18847
2703,126,4763
2691,126,4761
2704,0,4764
2705,125,4765
2706,0,4766
2707,0,4767
2708,107,4768
2709,125,4769
2710,0,4772
2711,0,4773
2712,0,4774
2713,0,4775
2714,0,4776
2715,0,4778
2716,0,4779
2717,0,4780
2718,0,4781
2719,0,4782
2720,0,4783
2721,0,4784
2722,0,4785
2723,0,4786
2724,0,4787
2725,0,4788
2726,0,4789
2727,0,4790
2728,0,4791
2729,0,4792
2730,0,4793
2731,0,4794
2732,0,4795
2733,0,4797
2734,0,4798
2735,0,4799
2736,0,4801
2737,0,4803
2738,126,4805
2739,126,4806
2751,126,4808
2746,0,4807
2750,126,4809
2752,126,4810
2754,0,4811
2755,0,4812
2758,126,4813
2757,0,4814
2759,126,4814
2760,126,4815
2761,126,4816
2762,0,4817
2763,0,4818
2764,0,4819
2765,0,4820
2766,0,4821
2770,0,4822
2768,0,4823
2769,0,4824
2771,0,4825
2772,0,4826
2773,0,4827
2774,107,4827
2775,0,4828
2776,0,4829
2777,107,4822
2778,0,4830
2779,107,4829
2780,0,4831
2781,107,4833
2782,126,4807
2783,0,4834
2784,0,4835
2785,126,4812
2786,126,4811
2788,0,4836
2789,0,4837
2790,0,4838
2791,0,4839
2792,0,4840
2793,0,4841
2795,0,4842
2796,0,4843
2798,0,4844
2799,0,4845
2801,0,4846
2803,0,4847
2804,0,4848
2806,0,4849
2807,0,4850
2808,0,4851
2809,0,4852
2811,0,4853
2812,0,4854
2813,0,4855
11706,106,25631
2815,0,4857
2817,0,4858
11704,106,25629
2819,0,4860
2820,0,4861
2821,0,4862
2822,0,4863
2823,0,4864
2824,0,4865
2825,0,4866
2826,0,4867
2827,0,4868
2828,0,4869
2829,0,4870
2830,0,4872
2831,0,4873
2832,0,4874
2833,0,4875
2834,0,4877
12293,0,4879
2836,0,4880
2837,0,4881
2838,0,4882
2839,0,4883
2840,0,4884
2841,0,4885
2842,0,4886
2843,0,4887
2844,0,4888
2845,0,4889
2846,0,4890
2847,0,4891
2848,0,4892
2849,0,4894
2850,0,4895
2851,0,4896
2852,0,4897
2853,0,4898
2854,0,4899
2855,0,4900
2856,0,4901
2857,0,4902
2858,0,4903
2859,0,4904
2860,0,4905
2861,0,4906
2862,0,4907
2865,0,4908
2866,0,4909
12296,0,4910
2868,0,4911
2869,0,4912
2870,0,4913
2871,0,4914
2872,0,4915
2873,0,4916
2874,0,4917
2875,0,4918
2876,0,4919
2877,0,4920
2878,0,4921
2879,0,4922
2880,0,4923
2881,0,4924
2882,0,4925
2883,0,4926
2884,0,4927
2885,0,4928
2886,0,4929
11705,106,25630
2888,0,4931
2889,0,4932
2890,0,4933
2891,0,4934
2892,0,4935
2893,0,4936
2894,0,4937
2895,0,4938
2896,0,4939
2897,0,4943
2898,0,4944
2899,0,4945
2900,0,4946
2901,0,4947
2902,0,4948
2903,0,4949
2904,0,4950
2905,0,4951
2906,0,4952
2907,0,4953
2908,0,4954
2909,0,4955
2910,0,4956
2911,0,4958
2912,0,4959
2913,0,4960
2914,0,4961
2915,0,4962
2916,0,4963
2917,0,4964
2918,0,4965
2919,0,4966
2920,0,4967
2921,0,4968
2922,0,4969
2923,0,4970
2924,0,4971
2925,0,4972
2926,0,4973
2927,0,4974
2928,0,4975
2929,0,4976
2930,0,4977
2931,0,4978
2932,0,4979
2933,0,4980
2934,0,4981
2935,0,4982
2936,0,4983
2937,0,4984
2938,0,4985
2939,0,4986
2940,0,4987
2941,0,4989
2942,0,4990
2943,0,4991
2944,0,4992
2945,0,4993
2946,0,4994
2947,0,4995
2948,0,4996
2949,0,4998
2950,0,4999
2951,0,5001
2952,0,5002
2953,0,5003
2954,0,5004
2955,0,5005
2956,0,5006
2957,0,5007
2958,0,5009
2959,0,5010
2960,0,5011
2961,0,5012
2962,0,5013
2963,0,5014
2964,0,5015
2965,0,5016
2966,0,5017
2967,0,5018
2968,0,5020
2969,0,5021
2970,0,5022
2971,0,5023
2972,0,5024
2973,0,5025
2974,0,5026
2975,0,5030
11664,122,23160
11665,122,23161
2978,0,5033
2979,0,5034
2980,0,5035
2981,0,5036
2982,0,5037
2983,0,5038
2984,0,5039
2985,0,5040
2986,0,5041
2987,0,5042
2988,0,5043
2989,0,5044
2990,0,5045
2991,0,5046
2992,0,5047
2993,0,5048
2994,0,5049
2995,0,5050
2996,0,5051
2997,0,5052
2998,0,5053
2999,0,5054
3000,0,5055
3001,0,5056
3002,0,5057
3003,0,5058
3004,0,5059
3005,0,5060
3006,0,5061
3007,0,5062
3008,0,5063
3009,0,5064
3010,0,5065
3011,0,5066
3012,0,5067
3013,0,5068
3014,0,5069
3015,0,5070
3016,0,5071
3017,0,5072
3018,0,5073
3019,0,5074
3020,0,5075
3021,0,5076
3022,0,5077
3023,0,5078
3024,0,5079
3025,0,5080
3026,0,5081
3027,0,5082
3028,0,5083
3029,0,5084
3030,0,5085
3031,0,5086
3032,0,5087
3033,0,5088
3034,0,5089
3038,0,5090
3036,0,5091
3037,0,5092
3039,0,5093
3040,0,7
3043,0,8
3044,0,9
3045,0,11
3046,0,5094
3048,0,5095
3049,0,5096
3051,0,5097
3052,0,5098
3053,0,5099
3054,0,5100
3055,0,5101
3056,0,5102
3057,0,5103
3058,0,5104
11703,104,25628
3061,0,5106
3063,0,5107
3064,0,5108
3065,0,5109
3069,0,5110
3221,0,5111
3072,0,5112
3073,0,5113
3074,0,5114
3075,0,5115
3076,0,5117
3077,0,5118
3081,0,5119
3079,0,5120
3082,0,5121
3083,0,5122
3084,0,5123
3085,0,5124
3086,0,5125
3087,0,5126
3088,0,5127
3089,0,5128
3090,0,5129
3091,0,5130
3092,0,5131
3093,0,5134
3094,0,5135
3095,0,5137
3102,0,5029
3101,0,5138
3103,0,5139
3105,0,5140
3114,0,5141
3115,0,5143
3116,0,5144
3117,0,5146
3118,0,5147
3121,0,5149
3122,0,5150
3753,0,5151
3126,0,5152
3129,0,5153
3135,0,5154
3131,0,5155
3136,0,5156
3133,0,5157
3137,0,5158
3138,0,5159
3140,0,5160
3141,0,5161
3144,0,5162
3145,0,5163
12295,0,5164
3147,0,5165
11701,57,25626
11700,42,25625
3151,0,1190
3152,0,5168
11699,34,25624
11698,13,25623
3155,0,5171
3158,0,5172
12294,0,5173
12353,0,5174
12357,0,5175
12365,0,5176
12361,0,5177
12385,0,5178
12381,0,5179
3178,0,5180
3180,0,5181
3181,0,5182
3183,0,5183
3222,0,5184
3187,0,5185
3189,0,5186
3190,0,5187
3191,0,5188
3192,0,5189
3193,0,5190
3194,0,5191
3195,0,5192
3196,0,5193
3197,0,5194
3198,0,5195
3199,0,5197
3200,0,5198
3201,0,5199
3202,0,5200
3798,0,5201
11697,3,25603
3205,0,5203
3206,0,5204
3207,0,5205
3208,0,5206
3209,0,5207
3210,0,5208
3211,0,5209
3212,0,5210
3213,0,5211
3214,0,5212
3223,107,5213
3224,107,4825
3225,0,5214
3226,0,5215
3227,0,5216
3228,0,5217
3229,0,5218
3230,0,5219
3231,0,5220
3232,0,5221
3233,0,5222
3234,0,5223
3235,0,5224
3236,0,5225
3237,0,5226
3238,0,5227
3239,0,5228
3240,0,5229
3241,0,5230
3242,0,5231
3243,0,5232
3244,0,5233
3245,0,5234
3246,0,5235
3247,0,5236
3248,0,5237
3249,0,5238
3250,0,5239
3251,0,5240
3252,0,5241
3253,0,5242
3254,0,5243
3255,0,5244
3256,0,5245
3257,0,5246
3258,0,5247
3259,0,5248
3260,0,5249
3261,0,5250
3262,0,5251
3263,0,5252
3264,0,5253
3265,0,5254
3266,0,5255
3267,0,5256
3268,0,5257
3269,0,5258
3270,0,5259
3271,0,5260
3272,0,5261
3273,0,5262
3274,0,5263
3275,0,5264
3276,0,5265
3277,0,5266
3278,0,5267
3279,0,5268
3280,0,5269
3281,0,5270
3282,0,5271
3283,0,5272
3284,0,5273
3285,0,5274
3286,0,5275
11696,3,25598
3288,0,5277
11695,125,25286
11694,125,25285
3301,0,5280
3302,0,5281
3303,0,5282
11671,0,5283
3305,0,5284
3306,0,5285
3307,0,5286
3308,0,5287
3309,0,5288
3310,0,5289
3311,0,5290
3312,0,5291
3313,0,5292
3314,0,5293
3315,0,5294
3316,0,5295
3317,0,5296
3318,0,5297
3319,0,5298
3320,0,5299
3321,0,5300
3322,0,5301
3323,0,5302
3324,0,5303
3325,0,5304
3326,0,5305
3327,0,5306
3328,0,5307
3329,0,5308
3330,0,5309
3331,0,5310
3332,0,5311
3333,0,5312
3334,0,5313
3335,0,5314
3336,0,5315
3337,0,5316
3338,0,5317
3339,0,5318
3340,107,5320
3341,107,5321
3342,107,5322
3343,107,5323
3344,107,5324
3345,107,5325
3346,107,5326
3347,107,5327
3348,107,5328
3349,107,5329
3350,107,5330
3351,107,5331
3352,107,5332
3353,107,5333
3354,107,5334
3355,107,5335
3356,107,5336
3357,107,5337
3358,107,5338
3359,107,5339
3360,107,5340
3361,107,5341
3362,107,5342
3363,107,5343
3364,107,5344
3365,107,5345
3366,107,5346
3367,107,5347
3368,107,5348
3369,107,5349
3370,0,5350
3371,0,5351
3372,0,5352
3373,0,5354
3374,0,5355
3375,0,5356
3376,0,5357
3377,0,5359
3378,0,5360
3379,0,5361
3380,0,5363
3381,0,5364
3382,0,5365
3383,0,5366
3384,0,5367
3385,0,5368
3386,0,5369
3387,0,5370
3388,0,5371
3389,0,5372
3390,0,5373
3391,0,5375
3392,0,5376
3393,0,5377
3394,0,5378
3395,0,5379
3396,0,5380
3397,0,5382
3398,0,5383
3399,0,5385
3400,0,5386
3401,0,5387
3402,0,5388
3403,0,5389
3404,0,5390
3405,0,5391
3406,0,5392
3407,0,5393
3408,0,5394
3409,0,5395
3410,0,5398
3411,108,5397
3412,108,5399
3413,0,5400
3414,0,5401
3416,108,5402
3417,108,5403
3418,108,5404
3419,0,5405
3420,108,5406
3421,0,5407
3422,108,5408
3423,0,5409
3424,0,5410
3425,108,5411
3426,0,5412
3430,108,5413
3429,0,5414
3431,108,5416
3432,108,5417
3433,0,5418
3434,0,5419
3435,108,5420
3436,0,5421
3437,108,5422
3438,0,5423
3439,0,5424
3440,108,5425
3441,0,5426
3442,0,5427
3443,108,5428
3444,0,5429
3445,0,5430
3446,108,5431
3447,0,5432
3448,108,5433
3449,0,5434
3450,108,5435
3451,108,5437
3452,108,5438
3453,108,5439
3454,108,5440
3455,108,5441
3456,108,5442
3457,108,5443
3458,0,1249
11092,71,19711
3460,125,5445
3461,125,5446
3462,125,5447
3464,0,5448
3465,0,5449
3466,125,5449
3467,125,5448
3468,0,5450
3469,125,5450
3470,0,5451
3471,125,5451
3473,0,5452
3474,125,5452
3475,0,5453
3476,125,5453
3477,0,5454
3478,125,5454
3479,0,5455
3480,125,5455
3481,0,5456
3482,125,5456
3483,0,5457
3484,125,5457
3485,0,5458
3486,125,5458
3487,0,5459
3488,0,5460
3489,125,5460
3490,0,5461
3491,125,5461
3492,0,5462
3493,125,5462
3494,0,5463
3495,125,5463
3496,0,5464
3497,125,5464
3498,0,5465
3499,125,5465
3500,0,5466
3501,125,5466
3502,0,5467
3503,125,5467
3504,0,5468
3505,125,5468
3506,0,5469
3507,125,5469
3508,0,5470
3509,125,5470
3510,0,5471
3511,125,5471
3512,0,5472
3513,125,5472
3514,0,5473
3515,125,5473
3516,0,5474
3517,125,5474
3518,0,5475
3519,125,5475
3520,0,5476
3521,125,5476
3522,0,5477
3523,125,5477
3524,125,5478
3527,125,5480
3526,125,5479
3528,125,5481
3529,125,5482
3530,125,5483
3533,125,5485
3532,125,5484
3534,125,5486
3538,125,5487
3537,0,5486
3539,125,5488
3540,125,5489
3541,125,5490
3542,125,5491
3543,125,5492
3544,125,5493
3545,125,5494
3548,125,5496
3547,125,5495
3549,125,5497
3550,125,5498
3551,125,5499
3552,125,5500
3553,125,5501
3554,125,5502
3555,125,5503
3556,125,5504
3557,125,5505
3558,125,5506
3559,125,5507
3560,125,5508
3561,125,5509
3562,125,5510
3563,125,5511
3564,125,5512
3565,125,5513
3566,125,5514
3567,125,5515
3568,125,5516
3569,125,5517
3570,125,5518
3571,125,5519
3572,125,5520
3573,125,5521
3574,125,5522
3575,125,5523
3576,125,5524
3577,125,5525
3578,125,5526
3579,125,5527
3580,125,5528
3581,0,1744
3582,0,1748
11715,0,27981
12063,216,15854
3585,125,5535
3586,125,5536
3587,125,5537
3588,125,5538
3589,125,5539
3590,125,5540
3591,125,5541
3592,125,5542
3593,125,5543
3594,125,5544
3595,125,5545
3596,125,5546
3597,125,5547
3598,125,5548
3599,125,5549
3600,125,5550
3601,125,5551
3602,0,5552
3603,125,5553
3604,125,5554
3605,125,5555
3606,125,5556
3607,125,5557
3608,125,5558
3609,125,5559
3610,125,5560
3611,125,5561
3612,125,5562
3613,125,5563
3614,125,5564
3615,125,5565
3616,125,5566
3617,125,5567
3618,125,5568
3619,125,5569
3620,125,5570
3621,125,5571
3622,125,5572
3623,125,5573
3624,125,5574
3625,125,5575
3626,125,5576
3627,125,5577
3628,125,5578
3629,125,5579
3630,125,5580
3631,125,5581
3632,125,5582
3633,125,5583
3634,125,5584
3635,125,5585
3636,125,5586
3637,125,5587
3638,125,5588
3639,125,5589
3640,125,5590
3641,125,5591
3642,125,5592
3643,125,5593
3644,125,5594
3645,125,5595
3646,125,5596
3647,125,5597
3648,125,5598
3649,125,5599
3652,0,5600
3651,125,5601
3653,126,5602
3654,126,5603
3655,126,5604
3656,126,5605
3657,126,5606
3658,126,5607
3659,126,5608
3660,125,5608
3661,125,5609
3662,125,5610
3663,126,5610
3664,126,5611
3665,126,5612
3666,126,5613
3667,126,5614
3668,126,5615
3669,126,5616
3670,126,5617
3671,126,5618
3672,126,5619
3673,126,5620
3674,127,5621
3675,127,5622
3676,127,5623
3677,127,5624
3678,127,5625
3679,127,5626
3680,127,5627
3681,127,5628
3682,127,5629
3683,127,5630
3684,127,5631
3685,127,5632
3686,127,5633
3687,127,5634
3688,127,5635
3689,127,5636
3690,127,5637
3691,127,5638
3692,127,5639
3695,127,5640
3696,126,5640
3697,0,5641
3699,0,5642
3701,108,5643
3702,108,5644
3703,108,5645
3704,108,5646
3705,108,5647
3706,108,5648
3707,108,5649
3708,108,5650
3709,108,5651
3710,108,5652
3711,108,5653
3712,108,5654
3713,108,5655
3714,108,5656
3715,108,5657
3716,108,5658
3717,108,5659
3718,108,5660
3719,108,5661
3720,108,5662
3721,108,5663
3722,108,5664
3723,108,5665
3724,108,5666
3725,108,5667
3726,108,5668
3727,108,5669
3728,108,5670
3729,108,5671
3730,108,5672
3731,108,5673
3732,108,5674
12297,0,5675
3734,0,5676
3735,0,5677
3736,0,5678
3737,0,5680
3738,0,5681
3739,108,5683
3740,108,5684
3741,108,5685
3742,108,5686
3743,108,5687
3744,108,5688
3745,108,5689
3746,108,5690
3747,108,5691
3748,108,5692
3749,108,5693
3750,108,5694
3751,108,5695
3757,108,5696
3755,0,5697
3758,108,5698
3759,108,5699
3760,108,5700
3761,0,5701
3762,108,5702
3763,108,5703
3765,0,5704
3770,109,5705
3767,109,5706
3772,0,5707
3773,109,5708
3774,0,5709
3775,109,5710
3776,109,5711
3777,109,5712
3778,109,5713
3780,0,5714
3781,0,5715
3785,0,5716
3788,0,5717
3789,0,5718
3791,0,5719
3792,0,5720
4044,0,5721
3799,109,5722
3800,109,5723
3801,109,5724
3802,109,5725
3803,109,5726
3804,109,5727
3805,109,5728
3806,109,5729
3807,109,5730
3808,109,5731
3809,109,5732
3810,109,5733
11708,0,26298
3812,110,5735
3813,110,5736
3814,110,5737
3815,110,5738
3816,110,5739
3817,110,5740
3818,109,5740
3819,109,5741
3820,109,5742
3853,110,5768
3822,110,5743
3823,110,5744
3824,110,5745
3825,110,5746
3826,110,5747
3827,110,5748
3828,110,5749
3829,110,5750
3830,110,5751
3831,110,5752
3832,110,5753
3833,110,5754
3834,110,5755
3837,110,5756
3838,110,5757
3839,110,5758
3840,110,5759
3841,110,5760
3842,110,5761
3843,110,5762
3846,110,5763
3848,110,5764
3849,110,5765
3850,110,5766
3852,110,5767
3854,110,5769
3855,110,5770
3856,110,5771
3857,110,5772
3858,110,5773
3859,110,5774
3860,110,5775
3861,110,5776
3862,110,5777
3863,110,5778
3864,110,5779
3865,110,5780
3866,110,5781
3867,110,5782
3868,110,5783
3869,110,5784
3872,110,5785
3873,110,5786
3874,110,5787
3875,110,5788
3876,110,5789
3877,110,5790
3878,110,5791
3879,110,5792
3880,110,5793
3881,110,5794
3882,110,5795
3883,110,5796
3884,110,5797
4854,0,713
3886,111,5799
3887,111,5800
3888,111,5801
3889,111,5802
3890,111,5803
3891,111,5804
3892,111,5805
3893,111,5806
3894,111,5807
3895,111,5808
3896,111,5809
3897,111,5810
3898,111,5811
3899,111,5812
10797,46,18846
3901,128,5814
3902,128,5815
3903,128,5816
3904,128,5817
3905,128,5818
3906,128,5819
3907,128,5820
3908,128,5821
3909,128,5822
3910,128,5823
3911,128,5824
3912,128,5825
3913,128,5826
3914,128,5827
3915,128,5828
3916,128,5829
3917,128,5830
3918,128,5831
10796,46,18845
3920,129,5833
3921,129,5834
3922,129,5835
3923,129,5836
3924,129,5837
12299,0,5838
3926,0,2357
3927,0,5841
3929,0,5842
3930,0,5843
3932,0,5844
3933,0,5845
3935,0,5846
3937,112,5847
3938,112,5848
3941,112,5849
3942,112,5850
3943,112,5851
3947,112,5853
3945,112,5852
3948,0,5854
3949,0,5855
3959,0,5856
11714,0,27980
11691,122,25258
11712,0,27978
3989,0,1391
11711,0,27975
3991,0,1393
3993,0,1389
12301,0,5863
4028,0,5864
4011,0,5865
4012,108,5867
4014,112,5868
4015,112,5869
4016,112,5870
4017,112,5871
4018,112,5872
4019,112,5873
4020,112,5874
4021,112,5875
4022,112,5876
4023,112,5877
4024,112,5878
4025,112,5879
4026,112,5880
4027,112,5881
4029,112,5883
4030,112,5884
4031,0,5885
4032,0,5886
4033,0,5890
11710,0,27972
11709,145,27555
4045,0,5895
11690,122,25257
4040,0,5897
4048,0,5898
4049,0,5899
4051,0,5900
4052,0,5901
4053,0,5902
4056,0,5903
4057,0,5904
4059,0,5905
4060,0,5906
4061,0,5907
4066,0,5908
4067,0,5909
4070,0,5910
4071,0,5911
4074,0,5912
4076,0,5913
4080,0,5914
4084,0,5915
4085,0,5916
4086,0,5917
4087,0,5918
4088,0,5919
4089,0,5920
4090,0,5921
4091,0,5922
4092,0,5923
4093,0,5924
4094,0,5925
4095,0,5926
4096,0,5927
4097,0,5928
4098,0,5929
4099,0,5930
4100,0,5931
4101,0,5932
4102,0,5933
4103,0,5934
4104,0,5935
4105,0,5936
4106,0,5937
4107,0,5938
4108,0,5939
4109,0,5940
4110,0,5941
4111,0,5942
4112,0,5943
4113,0,5944
4114,0,5945
4115,0,5946
4116,0,5947
4117,0,5948
4118,0,5949
4119,0,5950
4120,0,5951
4121,0,5952
4122,0,5953
4123,0,5954
4124,0,5955
4125,0,5956
4126,0,5957
4128,0,5958
4129,0,5959
4130,0,5960
11683,119,25250
11682,119,25249
4133,0,5963
4134,0,5964
4135,0,5965
4136,0,5966
4137,0,5967
4138,0,5968
4140,0,5969
12141,0,5970
4142,0,5971
4143,0,5972
4144,0,5973
4145,0,5974
4146,0,5975
4147,0,5976
4148,0,5977
4149,0,5978
4150,0,5979
4151,0,5980
4152,0,5981
4153,0,5982
4154,0,5983
4155,0,5984
4156,0,5985
4157,0,5986
4158,0,5987
4159,0,5988
4160,0,5989
4161,0,3156
4162,0,5990
4163,0,5991
4164,0,5992
4165,0,5993
4166,0,5994
4167,0,5995
4168,0,3182
4169,0,5996
4170,0,5997
4171,0,5998
4172,0,5999
4173,0,6000
4174,0,6001
12153,0,6002
4176,0,4041
4177,0,4045
4178,0,6004
4179,0,6005
4180,0,6006
4181,0,6008
4182,0,6009
4183,0,6010
4184,0,6011
4185,0,6012
4186,0,6013
4187,0,6014
4188,0,6015
4189,0,6016
4190,0,6017
4191,0,6018
4192,0,6019
4193,0,6020
4194,0,6021
4195,0,6022
11663,122,23159
4197,0,6024
4198,0,6025
4199,0,6026
4200,0,6027
4201,0,6028
4202,0,6029
11681,119,25248
11680,119,25247
11679,119,25246
4206,0,6033
4207,0,6034
4208,0,6035
4209,0,6036
4210,0,6037
4211,0,6038
4212,0,6039
4213,0,6040
4214,0,6041
4215,0,6042
4216,0,6043
4217,0,6044
4218,0,6045
4219,0,6046
4220,0,6047
4221,0,6048
4222,0,6049
4223,0,6050
4224,0,6051
4225,0,6052
4226,0,6053
4227,0,6054
4228,0,6055
4229,0,6056
4230,0,6057
4231,0,6058
4232,0,6059
4233,0,6060
4234,0,6061
4235,0,6062
4236,0,6063
4237,0,6064
4238,0,6065
4239,0,6066
4240,0,6067
4241,0,6068
4242,0,6069
4243,0,6070
4244,0,6071
4245,0,6072
12159,0,6073
4247,0,6074
4248,0,6075
4249,0,6076
4250,0,6077
4251,0,6078
4252,0,6079
4253,0,6080
4254,0,6081
4255,0,6082
4256,0,6083
4257,0,6084
4258,0,6085
4259,0,6086
4260,0,6087
4261,0,6088
4262,0,6089
4263,0,6090
4264,0,6091
4265,0,6092
4266,0,6093
4267,0,6094
4268,0,6095
4269,0,6096
12174,0,6097
4271,0,6098
4272,0,6099
4273,0,6100
4274,0,6101
4275,0,6102
4277,0,6103
4278,0,6104
4279,0,6105
4280,0,6106
4281,0,6107
4282,0,6108
4283,0,6109
4284,0,6110
4285,0,6111
4286,0,6112
4287,0,6113
4288,0,6114
4289,0,6115
4290,0,6116
4291,0,6117
4292,0,6118
4293,0,6119
4294,0,6120
4295,0,6121
4296,0,6122
4297,0,6123
4298,0,6124
4299,0,6125
4300,0,6126
4301,0,6127
4302,0,6128
4303,0,6129
4304,0,6130
4305,0,6131
4306,0,6132
4307,0,6133
4308,0,6134
4309,0,6135
4310,0,6136
4311,0,6137
4313,0,6138
4314,112,6139
4315,112,6140
4316,112,6141
4317,112,6142
4318,112,6143
4319,112,6144
4320,112,6145
4321,112,6146
4322,112,6147
4323,112,6148
4324,112,6149
4325,112,6150
4326,112,6151
4327,112,6152
4328,112,6153
4329,112,6155
4330,112,6156
4331,112,6157
4332,112,6158
4333,0,6162
4334,0,6163
4335,0,6164
4336,119,6164
4337,119,6159
4339,119,6161
4340,119,6162
4341,119,6163
4342,119,6165
4343,119,6166
4344,119,6167
4345,119,6168
4346,119,6169
4347,119,6170
4348,119,6171
4349,119,6172
4350,119,6173
4351,119,6174
4352,119,6175
4353,119,6176
4354,119,6177
4355,119,6178
4356,119,6179
4357,119,6180
4358,119,6181
4359,119,6182
4360,119,6183
4361,119,6184
4362,119,6185
4363,119,6186
4364,119,6187
4365,119,6188
4366,119,6189
4367,119,6190
4368,119,6191
4369,119,6192
4370,119,6193
4371,119,6194
4372,119,6195
4373,119,6196
4374,119,6197
4375,119,6198
4376,119,6199
4377,119,6200
4378,119,6201
4379,119,6202
4380,119,6203
4381,119,6204
4382,119,6205
4383,119,6206
4384,119,6207
4385,119,6208
4386,119,6209
4387,119,6210
4388,119,6211
4389,119,6213
4390,119,6214
4391,119,6215
4392,119,6216
4393,119,6217
4394,112,6218
4397,112,6219
4398,112,6220
4399,112,6221
4400,112,6222
4401,112,6223
4402,112,6224
4403,112,6225
4404,112,6226
4405,112,6227
4406,112,6228
4407,112,6229
4408,112,6230
4409,112,6231
4412,113,6232
4415,0,6233
4417,0,6234
4418,0,6235
4419,0,6236
4422,0,6237
4423,0,6238
4424,0,6239
4427,0,6240
4429,0,6242
4434,0,6243
4432,113,6241
4433,113,6244
4435,113,6245
4436,113,6246
4448,0,6247
4438,0,6248
4439,113,6249
4442,0,6250
4443,0,6251
4492,0,6252
4493,0,6253
4446,113,6254
4447,113,6255
4449,113,6256
4454,113,6257
4455,113,6258
4456,113,6259
4459,113,6260
4462,113,6261
11689,122,25256
4467,0,6263
4465,113,6264
4466,113,6265
4468,113,6266
4469,113,6267
4470,113,6268
4471,113,6270
4472,113,6271
4473,113,6272
4475,0,6273
4476,113,6274
4477,113,6275
4478,0,6276
4495,0,6277
4480,113,6278
4482,113,6279
4490,0,6280
4496,0,6281
4485,0,6282
4497,0,6283
4498,0,6284
4499,0,6285
11661,122,23157
4501,0,6287
4502,0,6288
4503,0,6289
4504,0,6290
4505,0,6291
4506,0,6292
4507,0,6293
4508,0,6294
4515,0,6295
4514,0,6296
4513,0,6297
4516,0,6298
4530,0,6299
4518,0,6300
4519,0,6301
4520,0,6302
4521,0,6303
4522,0,6304
4523,0,6305
4524,0,6306
4525,0,6307
4526,0,6308
4527,0,6309
4528,0,6310
4529,0,6311
4531,0,6312
4532,0,6313
4533,119,6314
4534,119,6315
4535,119,6316
4536,119,6317
4537,119,6318
4538,119,6319
4539,119,6320
4540,119,6321
4541,119,6322
4542,119,6323
4543,119,6324
4544,119,6325
4545,119,6326
4546,119,6327
4547,119,6328
4548,119,6329
4549,119,6330
4550,120,6331
4551,120,6332
4552,120,6333
4553,120,6334
4554,120,6335
4555,120,6336
4556,120,6337
4557,120,6338
4558,120,6339
4559,120,6340
4560,120,6341
4561,120,6342
4562,120,6343
4563,120,6344
4601,0,6345
4565,120,6346
4566,120,6347
4602,120,6380
4568,119,6348
4569,119,6349
4570,120,6349
4571,120,6350
4572,120,6351
4573,120,6352
4574,120,6353
4575,120,6354
4576,120,6355
4577,120,6356
4578,120,6357
4579,120,6358
4580,120,6359
4581,120,6360
4582,120,6361
4583,120,6362
4584,120,6363
4585,120,6364
4586,120,6365
4587,120,6366
4588,120,6367
4589,120,6368
4590,120,6369
4591,120,6370
4592,120,6371
4593,120,6372
4594,120,6373
4595,120,6374
4596,120,6375
4597,120,6376
4598,120,6377
4599,120,6378
4600,120,6379
4603,120,6381
4604,120,6382
4605,0,6383
4606,0,6384
4607,0,6385
4608,0,6386
4609,0,6387
4610,0,6388
4611,0,6389
4612,0,6390
4613,0,6391
4614,120,6392
4615,120,6393
4616,120,6394
4617,120,6395
4618,120,6396
4619,120,6397
4620,0,6398
4621,0,6399
4622,0,6401
4623,121,6402
4624,121,6403
4625,121,6404
4626,121,6405
4627,121,6406
4628,121,6407
4629,121,6408
4630,0,6409
4631,121,6410
4632,121,6411
4633,0,6412
4634,121,6413
4635,121,6414
4636,0,6415
4637,121,6416
4638,0,6417
4639,121,6418
4640,0,6419
4641,121,6420
4642,121,6421
4643,121,6422
4644,121,6423
4645,121,6424
4646,121,6425
4647,121,6426
4648,121,6427
4649,121,6428
4650,121,6429
4651,122,6430
4652,122,6431
4653,122,6432
4654,122,6433
4655,122,6434
4656,122,6435
4657,122,6436
4658,122,6437
4659,122,6438
4660,122,6440
4661,122,6441
4662,122,6442
4663,122,6443
4664,122,6444
4665,122,6445
4666,122,6446
4667,122,6447
4668,122,6448
4669,122,6449
4670,122,6450
4671,122,6451
4672,122,6452
4673,122,6453
4674,122,6454
4675,122,6455
4676,122,6456
4677,122,6457
4678,122,6458
4679,122,6459
4680,122,6460
4681,122,6461
4682,122,6462
4683,122,6463
4684,122,6464
4685,122,6465
4686,122,6466
4687,122,6467
4688,122,6468
4689,122,6469
4690,122,6470
4691,122,6471
4692,122,6472
4693,122,6473
4694,122,6474
4695,122,6475
4696,122,6476
4697,122,6477
4698,122,6478
4699,122,6479
4700,122,6480
4701,122,6481
4702,122,6482
4703,122,6483
4704,122,6484
4705,122,6485
4706,122,6486
4707,122,6487
4708,122,6488
4709,122,6489
4710,122,6490
4711,122,6491
4712,122,6492
4713,122,6493
4714,122,6494
4715,122,6495
4716,122,6496
4717,122,6497
4718,122,6498
4719,122,6499
4720,122,6500
4721,0,441
4723,0,442
4724,0,6501
4726,0,6502
4727,122,6503
4728,122,6504
4729,122,6505
4730,122,6506
4731,122,6507
4732,122,6508
4733,122,6509
4734,122,6510
4735,122,6511
4736,122,6512
4737,122,6513
4738,122,6514
4739,122,6515
4740,122,6516
4741,122,6517
4742,122,6518
4743,123,6519
4744,123,6520
4745,123,6521
4746,123,6522
4747,123,6523
4748,123,6524
4749,123,6525
4750,123,6526
4751,123,6527
4752,123,6528
4753,124,6529
4754,124,6530
4755,124,6531
4756,124,6532
4757,124,6534
4758,124,6535
4759,124,6536
4760,0,6538
4761,0,6539
4762,0,6540
4763,0,107
4764,0,6541
4765,0,6542
4766,0,6543
4767,0,6544
4768,0,6545
4769,0,6546
4770,0,6547
4771,0,6548
4772,0,6549
4773,0,6550
4774,0,6551
4775,0,6552
4776,0,6553
4777,0,6554
4778,0,6555
4779,0,6556
4780,0,6557
4781,0,6558
4782,0,6559
4783,0,6560
4784,0,6561
4785,0,6562
4786,0,6563
4787,0,6564
4788,0,6565
4789,0,6566
4790,0,6567
4791,0,6568
4792,0,6569
4793,0,6570
4794,0,6571
4795,0,6572
4796,0,6573
4797,0,6574
4798,0,6575
4799,0,6576
4800,0,6577
4801,0,6578
4802,0,6579
4803,0,209
4806,113,6581
4807,113,6582
4808,113,6583
4809,113,6584
4810,113,6585
4811,113,6586
4812,113,6587
4813,113,6588
4814,113,6589
4815,113,6590
4816,113,6591
4817,113,6592
4818,113,6593
4819,113,6594
4820,113,6595
4821,113,6596
4822,113,6597
4823,113,6598
4824,113,6599
4825,113,6600
4826,113,6601
4827,113,6602
4828,113,6603
4829,113,6604
4830,113,6605
4831,113,6606
4832,113,6607
4833,113,6608
4834,113,6609
4835,113,6610
4836,113,6611
4837,113,6612
4838,113,6613
4839,113,6614
4840,113,6615
4841,113,6616
4842,113,6617
4843,113,6618
4844,113,6619
4845,113,6620
4846,113,6621
4847,113,6622
4848,113,6623
4849,113,6624
4850,114,6625
4851,114,6626
4852,114,6627
4853,114,6628
4855,114,6630
4856,114,6631
4857,114,6632
4858,114,6633
4859,114,6634
4860,114,6635
4861,114,6636
4862,114,6637
4863,114,6638
4864,114,6639
4865,114,6640
4866,114,6641
4867,114,6642
4868,114,6643
4869,114,6644
4870,114,6645
4871,114,6646
4872,114,6647
11677,114,6648
11675,115,6649
11678,117,6765
4876,115,6650
4877,115,6651
4878,115,6652
4879,115,6653
4880,115,6654
4881,115,6655
4882,115,6656
4883,115,6657
4884,115,6658
4885,115,6659
4886,115,6660
4887,115,6661
4890,116,6662
4891,0,6663
4892,0,6664
4893,0,6665
4894,0,6666
4895,0,6667
4897,0,6668
4898,0,6669
4899,0,6670
4900,0,6671
4901,0,6672
4902,0,6673
4903,0,6674
4904,0,6675
4906,0,6676
4908,0,6677
12308,0,6678
4911,0,6679
11688,122,25255
11687,119,25254
4914,0,6682
4915,0,6683
4916,0,6684
4917,0,6685
4918,0,6686
4919,0,6687
4920,0,6688
4921,0,6689
4922,116,6691
4923,116,6692
4924,116,6693
4925,116,6694
4926,116,6695
4927,116,6696
4928,116,6697
4929,116,6698
4930,116,6699
4931,116,6700
4932,116,6701
4933,116,6702
4934,116,6703
4935,116,6704
4936,116,6705
4937,116,6706
4938,116,6707
4939,116,6708
4940,116,6709
4941,116,6710
4942,116,6711
4943,116,6712
4944,116,6713
4945,0,1453
4946,0,2721
4947,0,6714
4948,0,6716
4949,116,6717
4950,116,6718
4951,116,6719
4952,0,6721
4955,0,6722
4956,0,6723
4957,0,6724
4958,0,6725
4959,0,6726
4960,0,6727
4961,0,6728
4962,0,6729
4963,0,6730
4964,0,6731
4965,0,6732
4966,0,6733
4967,0,6734
4968,0,6735
4969,0,6736
4970,0,6737
4971,0,6738
4973,0,6739
4974,0,6740
4975,0,6741
4976,0,6742
4977,0,6743
4978,0,6744
4979,0,6745
4980,0,6746
11746,0,29650
4982,0,6748
4983,0,6749
4984,0,6750
4985,0,6751
4986,0,6752
4987,0,6753
4988,0,6754
4989,0,6755
4990,0,6756
4991,0,6757
4992,0,6758
4993,0,6759
4994,0,1113
4995,116,6761
4996,116,6762
4997,116,6763
4998,116,6764
11684,119,25251
5000,117,6766
5001,117,6767
5002,117,6768
5003,117,6769
5004,117,6770
5005,117,6771
5006,117,6772
5007,117,6773
5008,117,6774
5009,117,6775
5010,117,6776
5011,117,6777
5012,117,6778
5013,117,6779
5014,117,6780
5015,117,6781
5016,117,6782
5019,117,6783
5020,117,6784
5021,117,6785
5022,117,6786
5023,117,6787
5024,117,6788
5025,117,6789
5026,117,6790
5027,117,6791
5028,117,6792
5029,117,6793
5030,117,6794
5031,117,6795
5032,118,6796
5033,118,6797
5034,118,6798
5035,118,6799
5036,118,6800
5037,118,6801
5038,118,6802
5039,118,6803
5040,118,6804
5041,118,6805
5042,118,6806
5043,118,6807
5044,118,6808
5045,118,6809
5046,118,6810
5047,118,6811
5048,118,6812
5049,118,6813
5050,118,6814
5051,118,6815
5054,118,6816
5055,118,6817
5056,118,6818
5057,118,6819
5058,118,6820
5059,118,6821
5060,118,6822
5061,118,6823
5062,118,6824
5063,118,6825
5064,118,6826
5065,118,6827
5066,118,6828
5067,118,6829
5068,118,6830
5069,118,6831
5070,118,6832
5071,118,6833
5072,118,6834
5073,118,6835
5075,118,6836
5076,118,6837
5077,118,6838
5078,118,6839
5079,118,6840
5080,118,6841
5083,118,6842
5084,118,6843
5085,118,6844
5086,118,6845
5087,118,6846
5088,118,6847
11750,0,29655
12307,0,6850
5091,0,6851
5092,0,6852
5094,0,6853
11692,0,19205
5096,0,6854
5098,0,6855
5099,0,6856
5100,0,6857
5101,0,6858
5102,0,6859
12306,0,6860
5104,0,6861
5105,0,6862
5106,0,6863
5107,0,6864
5108,0,6865
5109,0,6866
5110,0,6867
5111,0,6868
5112,0,6869
5113,0,6870
5114,0,6871
5115,0,6872
5116,0,6873
5117,0,6874
5118,0,6875
5119,0,6876
5120,0,6877
5121,0,6878
5122,0,6879
5123,0,6880
5124,0,6881
5125,0,6882
5126,0,6883
5127,0,6884
5128,0,6885
5129,0,6886
5130,0,6887
5131,0,6888
5132,0,6889
5133,0,6890
5134,0,6891
5135,0,6892
5136,0,6893
5137,0,6894
5138,0,6895
5139,0,6896
5140,0,6897
5141,0,6898
5142,0,6899
5143,0,6900
5144,0,6901
5145,0,6902
5146,0,6903
5147,0,6904
5148,0,6905
5149,0,6906
5150,0,6907
5151,0,6908
5152,0,6909
5153,0,6910
5154,0,6911
5155,0,6912
5156,0,6913
5157,0,6914
5158,0,6915
5159,0,6916
5160,0,6917
5161,0,6918
5162,0,6919
5163,0,6920
5164,0,6921
5165,0,6922
5166,0,6923
5167,0,6924
5168,0,6925
5169,0,6926
5170,0,6927
5171,0,6928
5172,0,6929
5173,0,6930
5174,0,6931
5175,0,6932
5176,0,6933
5177,0,6934
5178,0,6935
5179,0,6936
5180,0,6937
5181,0,6938
5182,0,6939
5183,0,6940
5184,0,6941
5185,0,6942
5186,0,6943
5187,0,6944
5188,0,6945
5189,0,6946
5190,0,6947
11748,0,29652
5192,0,6949
5193,0,6950
5194,0,108
5196,0,6952
5197,0,6953
5198,0,6954
5199,0,6955
5200,0,6956
5201,0,6957
5202,0,6958
5203,0,6959
5204,0,6960
5205,0,6961
5206,0,6962
5207,0,6963
5208,0,6964
5209,0,6965
5249,0,7004
5211,0,6967
5212,0,6968
5213,0,6969
12305,0,6970
5216,0,6971
5217,0,6972
5218,0,6973
5219,0,6974
5220,0,6975
5221,0,6976
5222,0,6977
5223,0,6978
5224,0,6979
5225,0,6980
5226,0,6981
5227,0,6982
5228,0,6983
5229,0,6984
5230,0,6985
5231,0,6986
5232,0,6987
5233,0,6988
5234,0,6989
5235,0,6990
5236,0,6991
5237,0,6992
5238,0,6993
5239,0,6994
5240,0,6995
5241,0,6996
5242,0,6997
5243,0,6998
5244,0,6999
5245,0,7000
5246,0,7001
5247,0,7002
5248,0,7003
8267,229,15413
5253,0,7536
5254,130,7648
5255,130,7649
5256,130,7651
5257,130,7656
5258,130,7657
12182,0,7727
5269,130,7728
5270,130,7729
5271,130,7730
5273,0,7737
5274,130,7739
5275,130,7740
5276,0,7745
5277,130,7746
5278,130,7747
5281,130,7754
5282,130,7770
5283,130,7772
5284,0,7826
5285,0,7901
5286,0,7918
12194,0,7999
12226,0,8120
5289,130,8445
5291,0,8446
5292,130,8451
5293,130,8454
5306,0,8460
5295,130,8464
5296,130,8468
5303,130,8482
5300,130,8447
5315,130,8597
5308,130,8598
5309,130,8599
5310,130,8600
5312,0,8603
5313,130,8604
5316,130,8601
12316,0,8707
5318,134,8708
5319,134,8709
5320,134,8710
5321,134,8711
5322,134,8712
5323,134,8713
5324,134,8714
5325,134,8715
5326,134,8716
5327,134,8717
5328,134,8718
5329,134,8719
5330,134,8720
5331,134,8721
5332,134,8722
5333,134,8723
5334,134,8724
5335,134,8725
5336,134,8726
5337,134,8727
5338,134,8728
5339,134,8729
5340,134,8730
5341,134,8731
5342,134,8732
5343,134,8733
5344,134,8734
5345,134,8735
5346,134,8736
5347,134,8737
5348,134,8738
5349,134,8739
5350,134,8740
5351,134,8741
5352,134,8742
5353,134,8743
5354,134,8744
5355,134,8745
5356,134,8746
5357,134,8747
5358,134,8748
5359,134,8749
5360,134,8750
5361,134,8751
5362,135,8752
5363,135,8753
5364,135,8754
5365,135,8755
5366,135,8756
5367,135,8757
5368,135,8758
5369,135,8759
5370,135,8760
5371,135,8761
5372,135,8762
5373,135,8763
5374,135,8764
5375,135,8765
5376,135,8766
5377,135,8767
5378,135,8768
5379,135,8769
5380,135,8770
5381,135,8771
5382,135,8772
5383,135,8773
5384,135,8774
5385,135,8775
5386,135,8776
5387,135,8777
5388,135,8778
5389,135,8779
5390,135,8780
5391,135,8781
5392,135,8782
5393,135,8783
5394,135,8784
5395,135,8785
5396,135,8786
5397,135,8787
5398,135,8788
5399,135,8789
5400,135,8790
5401,135,8791
5402,135,8792
5403,135,8793
5404,135,8794
5405,135,8795
5406,135,8796
5407,135,8797
5408,135,8798
5409,135,8799
5410,135,8800
5411,135,8801
5412,135,8802
5413,135,8803
5414,135,8804
5415,135,8805
5416,135,8806
5417,135,8807
5418,135,8808
5419,135,8809
5420,135,8810
5421,135,8811
5422,136,8813
5423,136,8814
5469,136,8858
5426,136,8816
5427,136,8817
5428,136,8818
5429,136,8819
5430,136,8820
5431,136,8821
5432,136,8822
5433,136,8823
5434,136,8824
5435,136,8825
5436,136,8826
5437,136,8827
5438,136,8828
5439,136,8829
5440,136,8830
5441,136,8831
5442,136,8832
5443,136,8833
5444,136,8834
5445,136,8835
5446,136,8836
5447,136,8837
5448,136,8838
5449,136,8839
5450,136,8840
5451,136,8841
5452,136,8842
5453,136,8843
5454,136,8844
5455,136,8845
5456,136,8846
5457,136,8847
5458,136,8848
5459,136,8849
5460,136,8850
5461,136,8851
5462,136,8852
5463,136,8853
5464,136,8854
5465,136,8855
5466,136,8856
5467,136,8857
5468,136,8815
5470,136,8859
5471,136,8860
5472,136,8861
5473,136,8862
5474,136,8863
5475,136,8864
5476,136,8865
5477,136,8866
5478,136,8867
5479,136,8868
5480,136,8869
5481,136,8870
5482,136,8871
5483,136,8872
5484,136,8873
5485,136,8874
5486,136,8875
5487,136,8876
5488,136,8877
5489,136,8878
5490,136,8879
5492,0,8880
5493,136,8881
5495,137,8882
5496,137,8883
8094,174,15196
5498,137,8886
5499,137,8887
5500,137,8888
5501,137,8889
5502,137,8890
5503,137,8891
5504,137,8892
5505,137,8893
5506,137,8894
5507,137,8895
5508,137,8896
5509,137,8897
5510,137,8898
5511,137,8899
5512,138,8900
5513,138,8901
5514,138,8902
5515,138,8903
5516,138,8904
5517,138,8905
5518,138,8906
5519,138,8907
5520,138,8908
5521,138,8909
5522,138,8910
5523,138,8911
5524,138,8912
5525,138,8913
5526,138,8914
5527,138,8915
5528,138,8916
5529,138,8917
5530,138,8918
5531,138,8919
5532,138,8920
5533,138,8921
5534,138,8922
5535,138,8923
5536,138,8924
5537,138,8925
5538,138,8926
5539,138,8927
5540,138,8928
5541,138,8929
5542,138,8930
5543,138,8931
5544,138,8932
5545,138,8933
5546,138,8934
5547,138,8935
5548,138,8936
5549,138,8937
5550,138,8938
5551,138,8939
5552,138,8940
5553,138,8941
5554,138,8942
5555,138,8943
5556,138,8944
5557,138,8945
5558,139,8946
5559,139,8947
5560,139,8948
5561,139,8949
5562,139,8950
5563,139,8951
5564,139,8952
5565,139,8953
5566,139,8954
5567,139,8955
5568,139,8956
5569,139,8957
5570,139,8958
5571,139,8959
5572,139,8960
5573,139,8961
5574,139,8962
5575,139,8963
5576,139,8964
5577,139,8965
5578,139,8966
5579,139,8967
5580,140,8968
5581,140,8969
5582,140,8970
5583,140,8971
5584,140,8972
5585,140,8973
5586,140,8974
5587,140,8975
5588,140,8976
5589,140,8977
5590,140,8978
5591,140,8979
5592,140,8980
5593,140,8981
5594,140,8982
5595,140,8983
5596,140,8984
5597,140,8985
5598,140,8986
5599,140,8987
5600,140,8988
5601,140,8989
5602,140,8990
5603,140,8991
5604,140,8992
5605,140,8993
5606,140,8994
5607,140,8995
5608,140,8996
5609,140,8997
5610,140,8998
5611,140,8999
5612,140,9000
5613,140,9001
5614,140,9002
12320,0,9003
5617,141,9008
5618,141,9009
5619,141,9010
5620,141,9011
5621,141,9012
5622,141,9013
5623,141,9014
5624,141,9015
5625,141,9016
5626,141,9017
5627,141,9018
5628,141,9019
5629,141,9020
5630,141,9021
5631,141,9022
5632,141,9023
5633,141,9024
5634,141,9025
5635,141,9026
5636,141,9027
5637,141,9028
5638,141,9029
5639,141,9030
5640,141,9031
5641,141,9032
5642,141,9033
5643,141,9034
5644,141,9035
5645,141,9036
5646,141,9037
5647,141,9038
5648,141,9039
5649,141,9040
5650,141,9041
5651,141,9042
5652,141,9043
5653,141,9044
5654,141,9045
5655,141,9046
5656,141,9047
5657,141,9048
5658,141,9049
5659,141,9050
5660,141,9051
5661,141,9052
5662,141,9053
5663,141,9054
5664,141,9055
5665,141,9056
5666,141,9057
5667,141,9058
5668,141,9059
5669,141,9060
5670,141,9061
5671,141,9062
5672,141,9063
5673,141,9064
5674,141,9065
5675,141,9066
5676,141,9067
5677,141,9068
5678,141,9069
5679,141,9070
5680,141,9071
5681,141,9072
5682,141,9073
5683,141,9074
5684,141,9075
5685,141,9076
5686,141,9077
5687,141,9078
5688,141,9079
5689,141,9080
5690,141,9081
5691,141,9082
5692,141,9083
5693,141,9084
5694,141,9085
5695,141,9086
5696,141,9087
5697,141,9088
5698,141,9089
5699,141,9090
5700,141,9091
5701,141,9092
5702,141,9093
5703,141,9094
5704,141,9095
5705,141,9096
5706,141,9097
5707,141,9098
5708,141,9099
5709,141,9100
5710,141,9101
5711,130,9102
5712,130,9103
5713,130,9104
5714,130,9105
5715,130,9106
5716,130,9107
5717,130,9108
5718,130,9109
5719,130,9110
5720,130,9111
11662,122,23158
5722,130,9113
5723,130,9114
5726,130,9115
5727,141,9116
5728,141,9117
5729,141,9118
5730,141,9119
5731,141,9120
5732,141,9121
5733,141,9122
5734,141,9123
5735,141,9124
5736,142,9125
5737,142,9126
5738,142,9127
5739,142,9128
5740,142,9129
5741,142,9130
5742,142,9131
5743,142,9132
5744,142,9133
5745,142,9134
5746,142,9135
5747,142,9136
5748,142,9137
5749,142,9138
5750,143,9139
5751,143,9140
5752,143,9141
5753,143,9142
5754,143,9143
5755,143,9144
5756,143,9145
5757,143,9146
5758,143,9147
5759,143,9148
5760,143,9149
5761,143,9150
5762,143,9151
5763,143,9152
5764,143,9153
5765,144,9154
5766,144,9155
5767,144,9156
5768,144,9157
5769,144,9158
5770,144,9159
5771,144,9160
5772,144,9161
5773,144,9162
5774,144,9163
5775,144,9164
5776,144,9165
5777,144,9166
5778,144,9167
5779,144,9168
5780,144,9169
5781,144,9170
5782,144,9171
5783,144,9172
5784,144,9173
5785,144,9174
5786,144,9175
5787,144,9176
5788,144,9177
5789,144,9178
5790,144,9179
5791,144,9180
5792,144,9181
5793,144,9182
5794,144,9183
5795,144,9184
5796,144,9185
5797,144,9186
5798,144,9187
5799,144,9188
5800,144,9189
5801,144,9190
5802,144,9191
5803,144,9192
5804,144,9193
5805,144,9194
5806,144,9195
5807,144,9196
5808,144,9197
5809,144,9198
5810,144,9199
5811,144,9200
5812,144,9201
5813,144,9202
5814,144,9203
5815,144,9204
5816,144,9205
5817,144,9206
5818,144,9207
5819,144,9208
5820,144,9209
5821,144,9210
5822,144,9211
5823,144,9212
5824,144,9213
5825,144,9214
5826,144,9215
5827,144,9216
5828,144,9217
5829,144,9218
5830,144,9219
5831,144,9220
5832,144,9221
5833,144,9222
5834,144,9223
5835,144,9224
5836,144,9225
5837,144,9226
5838,144,9227
5839,144,9228
5840,144,9229
5841,144,9230
5842,144,9231
5843,144,9232
5844,144,9233
5845,144,9234
5846,145,9235
5847,145,9236
5882,145,9237
5849,145,9238
5883,145,9239
5851,145,9240
5852,145,9242
5853,145,9243
5856,145,9244
5857,145,9245
5858,145,9246
5859,145,9247
5860,145,9248
5861,145,9249
5862,145,9250
5863,145,9251
5864,145,9252
5865,145,9253
5866,145,9254
5867,145,9255
5868,145,9256
5869,145,9257
5870,145,9258
5871,145,9259
5872,145,9260
5873,145,9261
5874,145,9262
5875,145,9263
5876,145,9264
5877,145,9265
5878,145,9266
5879,145,9267
5880,145,9268
5881,145,9269
5884,145,9583
5885,145,9584
5886,145,9585
5887,145,9586
5888,145,9587
5889,145,9588
5890,145,9589
5891,145,9590
5892,145,9591
5893,145,9592
5894,145,9593
5895,145,9594
5896,145,9595
5897,145,9596
5898,145,9597
5899,145,9598
5900,145,9599
5901,145,9600
5902,145,9601
5903,145,9602
5904,145,9603
5905,145,9604
5906,145,9605
5907,146,9607
5908,146,9608
5909,146,9609
5910,146,9610
5911,146,9611
5912,146,9612
5913,146,9613
5914,146,9614
5915,146,9615
5916,146,9616
5917,146,9617
5918,146,9618
5919,146,9619
5920,146,9620
5921,146,9621
5922,146,9622
5923,146,9623
5924,146,9624
5925,146,9625
5926,146,9626
5927,146,9627
5928,146,9628
5929,146,9629
5930,146,9630
5931,146,9631
5932,146,9632
5933,146,9633
5934,146,9634
5935,146,9635
5936,146,9636
5937,146,9637
5938,146,9638
5939,146,9639
5940,146,9640
5941,146,9641
5942,146,9642
5943,146,9643
5944,146,9644
5945,146,9645
5946,146,9646
5947,146,9647
5948,146,9648
5949,146,9649
5950,146,9650
5951,146,9651
5952,146,9652
5953,146,9653
5954,146,9654
5955,146,9655
5956,146,9656
5957,146,9657
5958,146,9658
5959,146,9659
5960,146,9660
5961,146,9661
5962,146,9662
5963,146,9663
5964,146,9664
5965,146,9665
5966,146,9666
5967,146,9667
5968,146,9668
5969,146,9669
5970,146,9670
5971,146,9671
5972,146,9672
5973,146,9673
5974,146,9674
5975,146,9675
5976,146,9676
5977,146,9677
5978,146,9678
5979,146,9679
5980,146,9680
5981,146,9681
5982,146,9682
5983,146,9683
5984,146,9684
5985,146,9685
5986,146,9686
5987,146,9687
5988,146,9688
5989,146,9689
5990,146,9690
5991,146,9691
5992,146,9692
5993,146,9693
5994,146,9694
5995,146,9695
5996,146,9696
5997,146,9697
5998,146,9698
5999,146,9699
6000,146,9700
6001,146,9701
6002,146,9702
6003,146,9703
6004,146,9704
6005,146,9705
6006,146,9706
6007,146,9707
6008,146,9708
6009,146,9709
6010,146,9710
6011,146,9711
6012,146,9712
6013,146,9713
6014,146,9714
6015,146,9715
6016,146,9786
6017,146,9787
6018,146,9788
6019,146,9789
6020,146,9790
6021,146,9791
6022,146,9792
6023,146,9793
6024,146,9794
6025,146,9795
6026,146,9796
6027,146,9797
6028,146,9798
6029,146,9799
6030,146,9800
6031,146,9801
6032,146,9802
6033,147,9803
6034,147,9804
6035,147,9805
6036,147,9806
6037,147,9807
6038,147,9808
6039,147,9809
6040,147,9810
6041,147,9811
6042,147,9812
6043,147,9813
6044,147,9814
6045,147,9815
6046,147,9816
6047,147,9817
6048,147,9818
6049,147,9819
6050,147,9820
6051,147,9821
6052,147,9822
6053,147,9823
6054,147,9824
6055,147,9825
6056,147,9826
6057,147,9827
6058,147,9828
6059,147,9829
6060,147,9830
6061,147,9831
6062,147,9832
6063,147,9833
6064,147,9834
6065,148,9835
6066,148,9836
6067,148,9837
6068,148,9838
6069,148,9839
6070,148,9840
6071,148,9841
6072,148,9842
6073,148,9843
6074,148,9844
6075,148,9845
6076,148,9846
6077,148,9847
6078,148,9848
6079,148,9849
6080,148,9850
6081,148,9851
6082,148,9852
6083,148,9853
6084,148,9854
6085,148,9855
6086,148,9856
6087,148,9857
6088,148,9858
6089,148,9859
6090,148,9860
6091,148,9861
6092,148,9862
6093,148,9863
6094,148,9864
6095,148,9865
6096,148,9866
6097,148,9867
6098,148,9868
6099,148,9869
6100,148,9873
6101,148,9884
6102,148,9888
6103,148,9896
6104,148,9902
6105,148,9908
6106,148,9917
6107,148,9931
6108,148,9941
6109,148,9955
6110,148,9960
6111,148,9963
6112,148,9964
6113,148,9965
6114,149,9966
6115,149,9967
6116,149,9968
6117,149,9969
6118,149,9970
6119,149,9971
6120,149,9972
6121,149,9973
6122,149,9974
6123,149,9975
6124,149,9976
6125,149,9977
6126,149,9978
6127,149,9980
6128,149,9982
6129,149,9983
6130,149,9984
6131,149,9986
6132,149,9988
6133,149,9990
6134,149,9992
6135,150,9993
6136,150,9994
6137,150,9997
6138,150,10002
6139,150,10004
6140,150,10006
6141,150,10010
6142,150,10013
6143,150,10018
6144,150,10021
6145,150,10036
6146,150,10037
6147,150,10038
6148,150,10039
6149,150,10040
6150,150,10041
6151,150,10042
6152,150,10043
6153,150,10044
6154,150,10045
6155,150,10046
6156,150,10047
6157,150,10054
6158,150,10055
6159,150,10056
6160,150,10057
6161,150,10058
6162,150,10059
6163,150,10060
6164,150,10061
6165,150,10062
6166,150,10063
6167,150,10064
6168,150,10065
6169,150,10066
6170,150,10067
6171,150,10068
6172,151,10081
6173,151,10082
6174,151,10083
6175,151,10084
6176,151,10085
6177,151,10086
6178,151,10087
6179,151,10088
6180,151,10089
6181,151,10090
6182,151,10091
6183,151,10092
6184,151,10093
6185,151,10094
6186,151,10095
6187,151,10096
6188,151,10097
6189,151,10098
6190,151,10099
6191,151,10100
6192,151,10101
6193,151,10102
6194,151,10103
6195,151,10104
6196,151,10105
6197,151,10112
6198,151,10119
6199,151,10121
6200,151,10127
6201,151,10129
6202,151,10133
6203,151,10136
6204,151,10139
6205,151,10142
6206,151,10147
6207,151,10152
6208,151,10153
6209,151,10156
6210,151,10157
6211,151,10159
6212,151,10160
6213,151,10161
6214,151,10162
6215,151,10458
6216,151,10459
6217,151,10460
6218,151,10461
6219,151,10462
6220,151,10463
6221,151,10464
6222,151,10465
6223,151,10466
6224,151,10467
6225,151,10468
6226,151,10469
6227,151,10470
6228,151,10471
6229,151,10472
6230,151,10473
6231,151,10474
6232,151,10475
6233,151,10476
6234,151,10477
6235,151,10478
6236,151,10479
6237,151,10480
6238,151,10481
6239,151,10482
6240,151,10483
6241,151,10484
6242,151,10485
6243,151,10487
6244,151,10488
6245,151,10490
6246,151,10491
6247,151,10493
6248,151,10494
6249,151,10498
6250,151,10500
6251,151,10503
6252,151,10506
6253,151,10509
6254,151,10511
6255,151,10512
6256,151,10515
6257,151,10517
6258,151,10518
6259,151,10523
6260,151,10525
6261,151,10527
6262,151,10528
6263,151,10531
6264,151,10534
6265,151,10536
6266,151,10538
6267,151,10540
6268,151,10543
6269,151,10547
6270,151,10550
6271,151,10552
6272,151,10557
6273,151,10558
6274,151,10570
6275,151,10571
6276,151,10572
6277,151,10573
6278,151,10575
6279,151,10576
6280,0,10574
6281,151,10578
6282,151,10579
6283,151,10581
6284,151,10582
6285,151,10583
6286,151,10584
6287,151,10586
6288,151,10588
6289,151,10590
6290,151,10591
6291,151,10592
6292,151,10593
6293,151,10594
6294,151,10596
6295,151,10597
6296,151,10598
6297,151,10599
6298,151,10601
6299,151,10604
6300,151,10606
6301,151,10608
6302,151,10609
6303,151,10611
6304,151,10612
6305,151,10613
6306,151,10614
6307,151,10618
6308,151,10620
6309,151,10622
6310,152,10624
6311,152,10625
6315,152,10626
6313,152,10628
6316,0,10630
6317,152,10631
6543,152,10632
6319,151,10633
6320,152,10633
6321,152,10634
6322,152,10635
6323,152,10636
6324,152,10637
6325,152,10638
6326,152,10639
6327,152,10640
6328,152,10641
6329,152,10642
6330,152,10643
6331,152,10644
6334,152,10645
6335,152,10646
6336,152,10647
6337,152,10648
6338,152,10649
6339,152,10650
6340,152,10651
6341,152,10652
6342,152,10653
6343,152,10654
6344,152,10655
6345,152,10656
6346,152,10657
6347,152,10658
6348,152,10659
6349,152,10660
6350,152,10661
6351,152,10662
6352,152,10663
6353,152,10664
6354,152,10665
6355,152,10666
6356,152,10667
6357,152,10668
6358,152,10669
6359,152,10670
6360,152,10671
6361,152,10672
6365,152,10673
6363,152,10674
6366,152,10675
6367,152,10676
6368,152,10677
6369,152,10678
6370,152,10679
6371,152,10680
6372,152,10682
6373,152,10685
6374,152,10687
6375,152,10690
6376,152,10693
6377,152,10695
6378,152,10696
6379,152,10698
6380,152,10700
6381,152,10703
6382,152,10706
6383,152,10707
6384,152,10710
6385,152,10711
6386,152,10712
6387,152,10713
6388,152,10715
6389,152,10716
6390,152,10718
6391,152,10719
6392,152,10720
6393,152,10721
6394,152,10725
6395,152,10726
6396,152,10729
6397,152,10730
6398,153,10735
6399,153,10738
6400,153,10740
6401,153,10741
6402,153,10744
6403,153,10745
6404,153,10747
6405,153,10749
6808,161,11903
6407,153,10752
6408,153,10753
6409,153,10755
6410,153,10765
6411,153,10768
6412,153,10772
6413,153,10773
6414,153,10775
6415,153,10777
6416,153,10779
6417,153,10781
6418,154,10784
6419,154,10786
6420,154,10789
6421,154,10791
6422,154,10793
6423,154,10796
6424,154,10799
6425,154,10801
6426,154,10803
6427,154,10805
6428,154,10807
6429,154,10810
6430,154,10812
6431,154,10814
6432,154,10817
6433,154,10819
6434,154,10822
6435,154,10826
6436,154,10827
6437,154,10830
6438,154,10831
6439,154,10836
6440,154,10837
6441,154,10838
6442,154,10839
6443,155,10840
6444,155,10841
6445,155,10842
6446,155,10843
6447,155,10844
6448,155,10845
6449,155,10846
6450,155,10847
6451,155,10848
6452,155,10849
6453,155,10850
6454,155,10851
6455,156,10852
6456,156,10853
6457,156,10854
6458,156,10855
6459,156,10856
6460,156,10857
6461,156,10858
6462,156,10859
6463,156,10860
6464,156,10861
6465,156,10895
6466,156,10897
6467,156,10898
6468,156,10899
6469,156,10902
6470,156,10903
6471,156,10904
6472,156,10905
6477,0,10901
6474,156,10907
6475,156,10908
6478,156,10910
6479,156,10912
6480,156,10913
6481,0,10914
6482,156,10917
6483,156,10920
6484,156,10922
6485,156,10923
6486,156,10924
6487,156,10925
6488,156,10926
6489,156,10928
6490,156,10932
6491,156,10933
6492,156,10934
6493,156,10935
6494,156,10936
6495,156,10937
6496,156,10938
6497,156,10939
6498,156,10940
6499,156,10941
6500,156,10942
6501,156,10945
6502,156,10948
6503,156,10949
6504,156,10950
6505,156,10960
6506,156,10961
6507,156,10962
6508,156,10963
6509,156,10964
6510,156,10965
6511,156,10966
6512,156,10967
6513,156,10968
6514,156,10969
6515,156,10970
6516,156,10971
6517,156,10972
6518,156,10973
6519,156,10974
6520,156,10975
6521,156,10976
6522,156,10977
6523,156,10978
6524,156,10979
6525,156,10980
6526,156,10981
6527,156,10983
6528,156,10984
6529,156,10985
6530,156,10986
6531,156,10987
6532,156,10988
6533,156,10989
6534,156,10990
6535,156,10991
6536,156,10993
6537,156,10994
6538,156,10995
6539,156,10997
6540,156,10998
6541,156,11002
6542,156,11003
6544,156,11504
6545,156,11505
6546,156,11506
6547,156,11507
6548,156,11508
6549,156,11509
6550,156,11510
6551,156,11511
6552,156,11512
6553,156,11513
6554,156,11514
6555,156,11515
6556,156,11516
6557,156,11517
6558,156,11518
6559,156,11519
6560,156,11520
6561,156,11521
6562,156,11522
6563,156,11523
6564,156,11524
8093,174,15195
6566,156,11526
6567,156,11527
6568,156,11528
6569,156,11529
6570,156,11530
6571,156,11531
6572,156,11532
6573,156,11533
6574,156,11534
6575,156,11535
6576,156,11536
6577,156,11537
6578,156,11538
6579,156,11539
6580,156,11540
6581,156,11541
6582,156,11542
6583,156,11543
6584,156,11544
6585,156,11545
6586,156,11546
6587,156,11547
6588,156,11548
6589,156,11549
6590,156,11550
6591,156,11551
6592,156,11552
6593,156,11553
6594,156,11554
6595,156,11555
6596,156,11556
6597,156,11557
6598,156,11558
6599,156,11559
6600,156,11560
6601,156,11561
6602,156,11562
6603,156,11563
6604,156,11564
6605,156,11565
6606,156,11566
6607,156,11567
6608,156,11568
6609,156,11569
6610,157,11570
6635,157,11571
6612,157,11572
6613,157,11573
6614,157,11574
6636,157,11593
6616,156,11575
6617,156,11576
6618,156,11577
6619,156,11578
6620,156,11579
6621,157,11579
6622,157,11580
6623,157,11581
6624,157,11582
6625,157,11583
6626,157,11584
6627,157,11585
6628,157,11586
6629,157,11587
6630,157,11588
6631,157,11589
6632,157,11590
6633,157,11591
6634,157,11592
6637,157,11594
6638,157,11595
6639,157,11596
6640,157,11597
6641,157,11598
6642,157,11599
6643,157,11600
6644,157,11601
6645,157,11602
6646,157,11603
6647,157,11604
6648,157,11605
6649,157,11606
6650,157,11607
6651,157,11608
6652,157,11609
6653,157,11610
6654,157,11611
6655,157,11612
6656,157,11613
6657,157,11614
6658,157,11615
6659,157,11616
6660,158,11617
6661,158,11618
6662,158,11619
6663,158,11620
6664,158,11621
6665,158,11622
6666,158,11623
6667,158,11624
6668,158,11625
6669,158,11626
6670,158,11627
6671,158,11628
6672,158,11629
6673,158,11630
6674,158,11631
6675,158,11632
6676,158,11633
6677,158,11634
6678,158,11635
6679,158,11636
6680,158,11637
6681,158,11638
6682,158,11639
6683,158,11640
6684,158,11641
6685,158,11642
6686,158,11643
6687,158,11644
6688,158,11645
6689,158,11646
6690,158,11647
6691,159,11648
6692,159,11649
6693,159,11650
6694,159,11651
6695,159,11652
6696,159,11653
6697,159,11654
6698,159,11655
6699,159,11656
6700,159,11657
6701,159,11658
6702,159,11659
6703,159,11660
6704,159,11661
6705,159,11662
6706,159,11663
6707,159,11664
6708,159,11665
6709,159,11666
6710,159,11667
6711,159,11668
6712,171,11669
6713,160,11670
6714,160,11671
6715,160,11672
6716,160,11673
6717,160,11674
6718,160,11675
6719,160,11677
6720,160,11678
6721,160,11679
6722,160,11680
6723,160,11681
6724,160,11682
6725,160,11683
6726,160,11684
6727,160,11685
6728,160,11686
6729,160,11687
6730,160,11688
6731,160,11689
6732,160,11690
6733,160,11691
6734,160,11695
6735,160,11696
6736,161,11703
6737,161,11704
6738,161,11705
6739,161,11706
6740,161,11707
6741,161,11708
6742,161,11709
6743,161,11710
6744,161,11711
6745,161,11712
6746,161,11713
6747,161,11714
6748,161,11715
6749,161,11716
6750,161,11717
6751,161,11718
6752,161,11719
6753,161,11720
6754,161,11721
6755,161,11722
6756,161,11723
6757,161,11724
6758,161,11725
6759,161,11726
6760,161,11728
6761,161,11730
6762,161,11733
6763,161,11734
6764,161,11737
6765,161,11739
6766,161,11741
6767,161,11743
6768,161,11745
6769,161,11748
6770,161,11750
6771,161,11752
6772,161,11754
6773,161,11757
6774,161,11759
6775,161,11766
6776,161,11773
6777,161,11820
6778,161,11823
6779,161,11825
6780,161,11826
6781,161,11829
6782,161,11831
6783,161,11834
6784,161,11836
6785,161,11840
6786,161,11841
6787,161,11844
6788,161,11845
6789,161,11846
6790,161,11849
6791,161,11851
6792,161,11854
6793,161,11856
6794,161,11860
6795,161,11862
6796,161,11863
6797,161,11866
6798,161,11871
6799,161,11872
6800,161,11873
6801,161,11874
6802,161,11876
6803,161,11877
6804,161,11878
6805,161,11879
6806,161,11880
6807,161,11881
6809,161,11904
6810,161,11905
6811,161,11906
6812,161,11907
6813,161,11908
6814,161,11909
6815,161,11910
6816,161,11911
6817,161,11912
6818,161,11913
6819,161,11914
6820,161,11915
6821,161,11916
6822,161,11917
6823,161,11918
6824,161,11919
6825,161,11920
6826,161,11921
6827,161,11922
6828,161,11923
6829,161,11924
6830,161,11925
6831,161,11926
6832,161,11927
6833,161,11928
6834,161,11929
6835,161,11930
6836,162,11931
6837,162,11932
6838,162,11933
6839,162,11934
6840,162,11935
6841,162,11936
6842,162,11937
6843,162,11938
6844,162,11939
6845,162,11940
6846,162,11941
6847,162,11942
6848,162,11943
6849,162,11944
6850,162,11945
6851,162,11946
6852,162,11947
6853,162,11948
6854,162,11949
6855,162,11950
6856,162,11951
6857,162,11952
6858,162,11953
6859,162,11954
6860,162,11955
6861,162,11956
6862,162,11957
6863,162,11958
6864,162,11959
6865,162,11960
6866,162,11961
6867,162,11962
6868,162,11963
6869,162,11964
6870,162,11965
6871,162,11966
6872,162,11967
6873,162,11968
6874,162,11969
6875,162,11970
6876,162,11971
6877,162,11972
6878,162,11973
6879,163,11974
6880,163,11975
6881,163,11976
6882,163,11977
6883,163,11978
6884,163,11979
6885,163,11980
6886,163,11981
6887,163,11982
6888,163,11983
6889,163,11984
6890,163,11985
6891,163,11986
6892,163,11994
6893,163,12023
6894,163,12026
6895,163,12032
6896,163,12035
6897,163,12038
6898,163,12041
6899,163,12046
6900,163,12050
6901,163,12052
6902,163,12055
6903,163,12062
6904,163,12063
6905,0,11482
6906,0,12097
6907,0,12124
6908,163,12446
6909,163,12447
6910,163,12448
6911,163,12449
6912,163,12450
6913,163,12451
6915,163,12452
6916,163,12453
6917,163,12454
6918,163,12455
6919,163,12456
6920,163,12457
6921,163,12458
6922,163,12459
6923,163,12460
6924,163,12461
6925,163,12462
6926,163,12463
6927,163,12464
6928,163,12465
6929,163,12466
6930,163,12467
6931,163,12468
6932,163,12469
6933,163,12470
6934,163,12471
6935,163,12472
6936,163,12473
6937,163,12474
6938,163,12475
6939,163,12476
6940,163,12477
6941,163,12478
6942,163,12479
6943,164,12480
6944,164,12481
6946,164,12482
6947,164,12483
6948,164,12484
6949,164,12485
6950,164,12486
6951,164,12487
6952,164,12488
6953,164,12489
6954,164,12490
6955,164,12491
6956,164,12492
6957,164,12493
6958,164,12494
6959,164,12495
6960,164,12496
6961,164,12497
6962,164,12498
6963,164,12499
6964,164,12500
6965,164,12501
6966,164,12502
6967,164,12503
6968,164,12504
6969,164,12505
6970,164,12506
6971,164,12507
6972,164,12508
6973,164,12509
6974,164,12510
6975,0,12826
6976,130,12937
12016,206,14883
6982,0,12939
6979,130,12940
6980,165,12941
6983,130,12945
6985,0,12947
6986,165,12954
6987,165,12955
6988,165,12957
6989,165,12960
6990,165,12961
6991,165,12963
6992,165,12966
6993,165,12967
6994,165,12969
6995,165,12970
6996,165,12971
6997,165,12972
6998,165,12973
6999,165,12974
7000,165,12975
7001,165,12976
7002,165,12977
7003,165,12978
7004,166,12979
7005,166,12980
7006,166,12981
7007,166,12982
7008,166,12983
7009,166,12984
7010,166,12985
7011,166,12986
7012,166,12987
7013,166,12988
7014,166,12989
7015,166,12990
7016,166,12991
7017,166,12992
7018,166,12993
7019,166,12994
7020,166,12995
7021,166,12996
7022,166,12997
7023,166,12998
7024,166,12999
7025,166,13000
7026,166,13001
7027,166,13002
7028,166,13003
7029,166,13004
7030,166,13005
7031,166,13006
7032,166,13007
7033,166,13008
7034,166,13009
7035,166,13010
7036,166,13011
7037,166,13012
7038,166,13013
7039,166,13014
7040,166,13015
7041,166,13016
7042,166,13017
7043,166,13018
7044,166,13019
7045,166,13020
7046,166,13021
7047,166,13022
7048,166,13023
7049,166,13024
7050,166,13025
7051,166,13026
7052,166,13027
7053,166,13028
7054,166,13029
7055,166,13030
7056,166,13031
7057,166,13032
7058,166,13033
7059,166,13034
7060,166,13035
7061,167,13036
7062,167,13037
7063,167,13038
7064,167,13039
7065,167,13040
7066,167,13041
7067,167,13042
7068,167,13043
7069,167,13044
7070,167,13045
7071,167,13046
7072,167,13047
7073,167,13048
7074,167,13049
7075,167,13050
7076,167,13051
7077,167,13052
7078,167,13053
7079,167,13054
7080,167,13055
7081,167,13056
7082,168,13057
7083,168,13058
7084,225,13115
7085,225,13116
7086,225,13117
7087,225,13119
7088,225,13120
7089,225,13121
7090,168,13132
7091,168,13133
7092,168,13139
7093,168,13140
7094,168,13141
7095,168,13142
7096,168,13143
7097,168,13144
7098,168,13145
7099,168,13146
7100,168,13147
7101,168,13148
7102,168,13149
7103,168,13152
7104,168,13154
7105,168,13155
7106,168,13156
7107,168,13159
7108,168,13161
12060,216,15835
7110,168,13166
7111,168,13167
7112,168,13169
7113,168,13170
7114,168,13171
7115,168,13172
7116,168,13173
7117,168,13174
7118,168,13175
7119,168,13176
7120,168,13177
7121,168,13178
7122,168,13179
7123,168,13180
7124,168,13182
7125,168,13183
7126,168,13185
7127,168,13187
7128,225,13350
7129,225,13351
7130,225,13352
7131,225,13353
7132,225,13354
7133,168,13355
7134,168,13356
7135,168,13357
7136,168,13358
7137,168,13359
7138,168,13360
7139,168,13361
7140,168,13362
7141,168,13363
7142,168,13364
7143,168,13365
7144,168,13366
7145,169,13367
7146,169,13368
7147,169,13369
7148,169,13370
7149,169,13371
7150,169,13372
7151,169,13373
7152,169,13374
7153,169,13375
7154,169,13376
7155,169,13377
7156,169,13378
7157,169,13379
7158,169,13380
7159,169,13381
7160,169,13382
7161,169,13383
7162,169,13384
7163,169,13385
7164,169,13386
7165,169,13387
7166,169,13388
7167,169,13389
7168,169,13390
7169,169,13391
7170,169,13392
7171,169,13393
7172,169,13394
7173,169,13395
7174,169,13396
7175,169,13397
7176,169,13398
7177,169,13399
7178,169,13400
7179,169,13401
7180,169,13402
7181,169,13403
7182,169,13404
7183,169,13405
7184,169,13406
7185,169,13407
7186,170,13408
7187,170,13409
7188,170,13410
7189,170,13411
7190,170,13412
7191,170,13413
7192,170,13414
7193,170,13415
7194,170,13416
7195,170,13417
7196,170,13418
7197,170,13419
7198,170,13420
7199,170,13421
7200,170,13422
7201,170,13423
7202,170,13424
7203,170,13425
7204,170,13426
7205,170,13427
7206,170,13428
7207,170,13429
7208,0,13634
7209,0,13636
7210,0,13639
7211,0,13642
7212,0,13646
7213,0,13648
7214,0,13649
7215,0,13651
7217,0,13656
7219,0,13662
7220,0,13665
7221,0,13668
7222,0,13670
7223,0,13674
7224,0,13676
7225,0,13677
7227,0,13681
7228,0,13684
7229,0,13686
7230,0,13689
7231,0,13692
7232,0,13695
7233,0,13698
7234,0,13701
7235,0,13702
7236,0,13704
7237,0,13706
7239,0,13712
7240,0,13715
7241,0,13718
7242,0,13723
7243,0,13724
7244,0,13727
7245,0,13729
7246,0,13732
7247,0,13734
7248,0,13738
7249,0,13741
7250,0,13745
7251,0,13748
7252,0,13750
7253,0,13753
7254,0,13756
7255,0,13759
7256,0,13762
7257,170,13765
7258,170,13766
7259,170,13767
7260,170,13768
7261,170,13769
7262,170,13770
7263,170,13771
7264,170,13772
7265,170,13773
7266,170,13774
7267,170,13775
7268,170,13776
7269,170,13777
7270,170,13778
7271,170,13779
7272,170,13780
7273,170,13781
7274,170,13782
7275,170,13783
7276,170,13784
7277,170,13785
7278,170,13786
7279,170,13787
7280,170,13788
7281,171,13789
7282,171,13790
7283,171,13791
7284,171,13792
7285,171,13793
7286,171,13794
7287,171,13795
7288,171,13796
7289,171,13797
7290,171,13798
7291,171,13799
7292,171,13800
7293,171,13801
7294,171,13802
7295,171,13803
7296,171,13804
7297,171,13805
7298,171,13806
7299,171,13807
7300,171,13808
7301,171,13809
7302,171,13810
7303,171,13811
7304,171,13812
7305,171,13813
7306,171,13814
7307,171,13815
7308,171,13816
7309,171,13817
7310,171,13818
7311,171,13819
7312,171,13820
7313,171,13821
7314,171,13822
7315,171,13823
7316,171,13824
7317,171,13825
7318,171,13826
7319,171,13827
7320,171,13828
7321,171,13829
7322,171,13830
7323,171,13831
7324,171,13832
7325,171,13833
7326,171,13834
7327,171,13835
7328,171,13836
7329,171,13838
7330,171,13839
7331,171,13841
7332,171,13843
7333,171,13844
7334,171,13846
7335,171,13848
7336,171,13849
7337,171,13850
7338,223,13851
7339,171,13852
7340,223,13853
7341,171,13854
7342,171,13855
7343,171,13856
7344,171,13857
7345,171,13858
7346,171,13859
7347,171,13860
7348,171,13861
7349,171,13862
7350,171,13863
7351,223,13864
7352,171,13865
7353,171,13866
7354,223,13867
7355,171,13868
7356,223,13869
7357,171,13870
7358,171,13871
7359,223,13872
7360,171,13873
7361,171,13874
7362,171,13875
7363,223,13876
7364,171,13877
7365,171,13878
7366,171,13879
7367,171,13880
7368,172,13959
7369,172,13961
7370,223,13973
7371,223,13974
7372,223,13975
7373,223,13976
7374,223,13977
7375,223,13978
7376,223,13979
7377,223,13980
7393,0,10957
7394,0,14001
7395,0,14039
7396,0,14040
7397,0,14042
7398,225,14085
7399,225,14087
7400,225,14089
7401,225,14090
7402,225,14091
7403,225,14092
7404,225,14094
7405,225,14095
7406,225,14096
7407,225,14097
7408,225,14098
7409,223,14099
7410,225,14100
7411,225,14101
7412,223,14102
7413,225,14104
7414,225,14105
7415,225,14106
7416,225,14107
7423,0,14109
7418,225,14110
7420,225,14111
7421,225,14112
7422,225,14114
7424,225,14115
7425,225,14116
7426,225,14117
7427,225,14119
7428,225,14120
7429,225,14122
7430,225,14123
7431,225,14124
7432,225,14125
7433,225,14126
7434,225,14127
7435,225,14128
7436,225,14129
7437,225,14130
7438,225,14131
7439,225,14170
7440,225,14172
7441,225,14173
7442,225,14175
7443,225,14177
7444,225,14178
7445,225,14179
7446,225,14181
7447,225,14182
7448,225,14184
7449,225,14185
7450,225,14186
7451,225,14188
7452,225,14189
7453,225,14190
7454,225,14191
7455,225,14192
7456,225,14194
7457,225,14195
7458,225,14196
7459,225,14197
7460,225,14198
7461,225,14199
7462,225,14201
7463,225,14202
7464,225,14203
7465,225,14204
7466,225,14205
7467,225,14206
7468,225,14207
7469,225,14209
7470,225,14210
7471,225,14211
7472,225,14212
7473,225,14213
7474,225,14214
7475,225,14215
7476,225,14216
7477,225,14217
7478,225,14219
7479,225,14220
7480,225,14221
7481,225,14223
7482,223,14238
7483,223,14239
11749,0,29653
7485,223,14241
7486,223,14242
7487,223,14243
7488,223,14244
7489,223,14245
7490,223,14246
7491,223,14247
7492,223,14248
7493,223,14249
7494,223,14250
7495,223,14252
7496,223,14253
7497,0,14237
7499,0,14251
7500,223,14254
7501,223,14255
7502,223,14256
7503,223,14257
7504,223,14258
7505,223,14260
7506,223,14261
7507,223,14262
7508,223,14265
7509,223,14267
7510,223,14268
7511,223,14270
7512,223,14271
7513,223,14272
7514,223,14274
7515,223,14276
7516,223,14278
7517,0,14294
7518,0,14301
7519,226,14314
7520,226,14315
7521,226,14316
7522,226,14317
7523,226,14318
7524,226,14319
7525,226,14320
7526,226,14321
7527,226,14322
7528,226,14323
7529,226,14324
7530,226,14325
7531,226,14326
7532,226,14327
7533,226,14328

The free trial of MDB ACCDB Viewer exports only half of the records in each table.
