"wcID","workID","poetID","role","date"
83,53,398,"序作者","1891"
228,61,245,"作者",""
17,53,149,"主要作者",""
36,63,306,"编輯",""
82,53,396,"序作者","1891"
19,53,397,"序作者","1891"
20,38,274,"编輯",""
612,41,140,"主要作者",""
22,15,11,"主要作者",""
23,15,351,"序作者","1870"
24,15,352,"序作者","1870"
25,15,353,"序作者","1867"
26,15,360,"題辭","1869"
27,15,361,"跋作者","1869"
28,15,362,"跋作者","1870"
29,15,363,"跋作者","1870"
30,15,359,"跋作者","1864"
31,26,277,"编輯",""
32,26,278,"序作者","1908"
38,17,474,"编輯",""
39,17,475,"编輯",""
40,17,474,"序作者","1716"
41,47,236,"主要作者",""
42,47,338,"序作者","1830"
43,51,202,"主要作者",""
44,45,245,"主要作者",""
45,45,333,"跋作者","1847"
46,57,207,"主要作者",""
47,57,416,"序作者","1854"
48,57,417,"序作者","1854"
49,57,418,"序作者","1854"
50,57,419,"序作者","1854"
51,57,420,"序作者","1854"
52,57,421,"序作者","1854"
53,57,199,"序作者","1855"
54,57,190,"序作者","1854"
56,58,430,"序作者","1911"
57,25,285,"编輯",""
58,25,284,"编輯",""
59,29,286,"编輯",""
60,37,288,"编輯",""
63,38,92,"序作者","1829"
62,38,274,"序作者","1829"
64,38,297,"序作者","1831"
65,38,298,"跋作者",""
66,38,299,"跋作者","1831"
67,39,274,"编輯",""
68,39,300,"序作者","1836"
69,39,92,"序作者","1835"
70,39,302,"跋作者","1836"
71,52,148,"主要作者",""
72,52,391,"序作者","1827"
73,52,392,"序作者","1827"
74,52,393,"跋作者","1827"
75,34,39,"主要作者",""
810,34,263,"跋作者",""
77,35,263,"编輯",""
78,35,264,"序作者","1796"
610,57,3799,"題辭",""
84,53,399,"序作者","1889"
618,61,162,"作者",""
86,28,285,"编輯",""
87,43,254,"主要作者",""
88,43,325,"跋作者","1875"
89,43,326,"跋作者","1875"
90,12,238,"主要作者",""
91,12,408,"序作者","1866"
92,12,409,"序作者","1871"
93,12,410,"序作者","1875"
94,12,411,"序作者","1875"
95,12,412,"序作者","1888"
96,12,413,"跋作者",""
97,22,29,"主要作者",""
98,22,30,"主要作者",""
99,24,275,"主要作者",""
100,24,276,"序作者","1849"
101,23,175,"作者",""
102,23,32,"作者",""
103,23,176,"作者",""
104,23,273,"序作者","1880"
105,23,272,"序作者","1864"
800,113,4784,"序作者",""
107,33,38,"主要作者",""
108,33,263,"序作者",""
109,33,479,"序作者",""
110,16,12,"主要作者",""
111,16,365,"序作者","1843"
112,16,366,"序作者","1860"
113,16,12,"序作者","1852"
114,16,382,"跋作者","1875"
115,18,480,"编輯",""
116,18,481,"序作者","1772"
117,18,482,"序作者","1772"
118,18,480,"序作者","1772"
119,18,483,"序作者","1772"
120,18,484,"跋作者",""
121,18,485,"跋作者",""
122,19,268,"编輯",""
123,19,271,"序作者","1628"
124,19,270,"序作者","1628"
522,48,305,"序作者","1873"
126,49,305,"序作者","1873"
127,49,342,"跋作者","1882"
336,37,294,"校閲",""
130,30,274,"编輯",""
131,30,274,"序作者","1831"
132,54,150,"主要作者",""
133,54,403,"序作者","1886"
134,54,404,"序作者","1886"
135,54,405,"序作者","1886"
309,37,75,"作者",""
328,61,201,"作者",""
325,61,200,"作者",""
139,55,407,"序作者","1887"
326,61,197,"作者",""
141,50,146,"主要作者",""
142,50,343,"序作者","1848"
143,50,344,"序作者","1848"
144,50,345,"序作者","1848"
145,50,346,"序作者","1848"
146,50,347,"跋作者",""
147,50,348,"跋作者","1848"
148,50,349,"跋作者","1848"
149,9,5,"主要作者",""
150,9,486,"序作者","1810"
642,80,4573,"主要作者",""
153,59,154,"主要作者",""
154,59,279,"序作者","1892"
155,59,442,"序作者","1898"
157,59,445,"序作者","1898"
158,59,446,"序作者","1898"
550,47,3553,"題辭","1830"
161,59,444,"序作者","1903"
162,59,443,"序作者","1900"
163,59,449,"跋作者","1898"
164,59,450,"跋作者","1915"
165,46,210,"主要作者",""
166,46,334,"序作者","1855"
167,46,335,"序作者","1858"
168,46,336,"序作者","1858"
169,46,337,"序作者","1867"
415,37,42,"作者",""
175,40,140,"主要作者",""
176,40,308,"年譜作者","1874"
177,13,8,"主要作者",""
178,13,487,"序作者","1764"
179,32,37,"主要作者",""
180,32,263,"序作者",""
181,40,313,"序作者","1854"
182,40,314,"序作者","1852"
183,40,310,"序作者","1874"
184,40,311,"跋作者","1854"
543,16,239,"題辭",""
542,9,1968,"序作者","1840"
537,14,331,"序作者",""
474,37,537,"作者",""
471,16,370,"題辭",""
407,61,177,"作者",""
193,10,147,"主要作者",""
194,10,385,"序作者",""
195,10,147,"序作者",""
196,61,306,"编輯","1895-1896"
197,61,454,"序作者","1905"
198,61,455,"序作者","1904"
199,61,456,"序作者","1905"
488,37,797,"作者",""
201,21,491,"序作者","1788"
202,21,490,"序作者","1790"
203,21,28,"编輯","1789"
205,36,492,"序作者","1894"
206,41,304,"主要作者",""
207,41,304,"序作者","1851"
208,41,308,"序作者","1874"
209,41,318,"跋作者","1851"
210,66,106,"主要作者",""
211,66,263,"序作者","1794"
212,66,472,"序作者","1794"
213,66,493,"序作者","1794"
214,11,6,"主要作者",""
215,11,400,"序作者","1890"
216,11,401,"序作者","1880"
217,11,6,"序作者","1880"
218,31,305,"主要作者",""
219,31,265,"序作者","1874"
220,31,266,"跋作者","1874"
221,20,469,"序作者","1807"
222,20,16,"序作者",""
231,37,88,"作者",""
232,37,61,"作者",""
233,61,233,"作者",""
234,37,76,"作者",""
235,61,254,"作者",""
236,37,78,"作者",""
504,20,13,"作者",""
239,37,136,"作者",""
240,37,132,"作者",""
241,16,381,"題辭",""
505,20,14,"作者",""
243,50,350,"題辭","1848"
244,52,394,"題辭","1827"
245,37,292,"校閲",""
246,61,195,"作者",""
247,37,46,"作者",""
248,61,205,"作者",""
249,61,218,"作者",""
250,15,354,"題辭",""
251,15,355,"題辭",""
252,47,339,"墓志詺作者",""
253,61,229,"作者",""
564,67,429,"主要作者",""
255,52,395,"題辭","1827"
466,37,137,"作者",""
257,37,72,"作者",""
258,61,214,"作者",""
479,37,573,"作者",""
261,15,356,"題辭",""
263,37,129,"作者",""
264,37,289,"傳記作者",""
265,37,135,"作者",""
266,37,80,"作者",""
267,61,216,"作者",""
268,37,124,"作者",""
269,61,231,"作者",""
270,37,170,"作者",""
271,61,170,"作者",""
272,37,96,"作者",""
273,61,158,"作者",""
274,22,440,"題辭","1915"
275,37,43,"作者",""
276,16,377,"題辭",""
277,37,133,"作者",""
278,61,178,"作者",""
279,61,190,"作者",""
280,61,167,"作者",""
281,37,167,"作者",""
285,37,98,"作者",""
286,37,113,"作者",""
287,37,126,"作者",""
288,59,448,"題辭",""
289,37,74,"作者",""
290,37,55,"作者",""
291,37,118,"作者",""
292,61,253,"作者",""
465,37,59,"作者",""
295,37,89,"作者",""
501,37,1095,"作者",""
298,37,111,"作者",""
299,61,188,"作者",""
300,61,185,"作者",""
301,61,172,"作者",""
480,37,586,"作者",""
464,37,90,"作者",""
304,61,90,"作者",""
305,37,95,"作者",""
306,57,425,"跋作者","1853"
307,37,104,"作者",""
308,37,100,"作者",""
310,61,249,"作者",""
311,37,52,"作者",""
312,16,378,"題辭",""
313,37,81,"作者",""
314,61,259,"作者",""
315,37,68,"作者",""
316,61,163,"作者",""
317,37,108,"作者",""
318,57,427,"題辭",""
319,58,435,"題辭",""
478,58,434,"題辭",""
321,22,438,"題辭",""
322,61,207,"作者",""
324,61,232,"作者",""
327,61,206,"作者",""
329,37,131,"作者",""
330,37,60,"作者",""
331,37,293,"校閲",""
332,61,257,"作者",""
502,37,652,"作者",""
335,37,91,"作者",""
337,37,92,"作者",""
338,37,290,"编輯",""
339,12,414,"題辭","1875"
472,37,48,"作者",""
342,37,93,"作者",""
343,61,208,"作者",""
344,61,189,"作者",""
345,37,241,"作者",""
346,61,241,"作者",""
347,37,235,"作者",""
348,61,235,"作者",""
349,61,204,"作者",""
350,16,310,"題辭",""
351,61,244,"作者",""
352,61,247,"作者",""
353,37,119,"作者",""
354,61,227,"作者",""
355,61,230,"作者",""
356,10,386,"題辭",""
357,37,77,"作者",""
584,37,65,"作者",""
359,61,258,"作者",""
360,61,161,"作者",""
361,17,476,"校閲",""
362,37,24,"作者",""
363,61,24,"作者",""
364,17,477,"校閲",""
365,61,250,"作者",""
366,16,372,"題辭",""
367,61,184,"作者",""
368,57,424,"跋作者",""
369,37,105,"作者",""
370,37,97,"作者",""
372,61,171,"作者",""
373,37,70,"作者",""
374,16,369,"題辭",""
375,61,109,"作者",""
376,37,109,"作者",""
377,16,375,"題辭",""
378,61,255,"作者",""
380,37,243,"作者",""
381,61,243,"作者",""
382,61,209,"作者",""
383,47,340,"題辭","1830"
384,61,211,"作者",""
385,37,128,"作者",""
386,37,291,"校閲",""
387,61,203,"作者",""
388,61,217,"作者",""
390,37,139,"作者",""
391,37,82,"作者",""
392,37,127,"作者",""
393,40,309,"编輯",""
394,37,47,"作者",""
395,37,134,"作者",""
396,37,116,"作者",""
397,37,130,"作者",""
398,37,165,"作者",""
399,61,165,"作者",""
469,63,467,"題辭","1911"
402,61,228,"作者",""
403,37,123,"作者",""
404,61,457,"題辭",""
405,37,79,"作者",""
406,61,222,"作者",""
473,37,528,"作者",""
409,52,389,"校閲","1828"
410,61,238,"作者",""
411,52,390,"校閲","1828"
412,37,62,"作者",""
413,37,524,"作者",""
414,61,198,"作者",""
416,61,42,"作者",""
417,61,256,"作者",""
418,37,125,"作者",""
419,61,199,"作者",""
422,37,85,"作者",""
423,21,85,"作者",""
424,61,202,"作者",""
425,37,202,"作者",""
468,37,44,"作者",""
427,37,112,"作者",""
428,21,112,"作者",""
575,31,267,"題辭","1874"
431,15,357,"題辭",""
432,16,308,"題辭",""
433,10,210,"題辭",""
434,37,37,"作者",""
435,37,101,"作者",""
583,37,240,"作者",""
437,40,312,"跋作者",""
438,37,86,"作者",""
439,37,67,"作者",""
440,37,122,"作者",""
441,61,196,"作者",""
444,26,279,"墓志詺作者",""
445,61,213,"作者",""
446,61,168,"作者",""
447,61,194,"作者",""
448,37,63,"作者",""
449,16,373,"題辭",""
544,17,474,"凡例作者",""
451,57,313,"題辭",""
452,16,383,"附記作者","1875"
453,37,71,"作者",""
454,61,234,"作者",""
455,9,328,"校閲",""
456,9,328,"跋作者","1843"
457,37,87,"作者",""
458,61,237,"作者",""
459,16,374,"題辭",""
460,58,278,"主要作者",""
461,61,220,"作者",""
462,16,380,"題辭",""
586,35,202,"作者",""
499,37,1136,"作者",""
476,37,295,"校閲",""
481,36,547,"主要作者",""
484,37,691,"作者",""
485,37,750,"作者",""
579,21,1380,"作者",""
506,20,15,"作者",""
507,20,16,"作者",""
508,20,17,"作者",""
509,21,1380,"编輯",""
510,21,88,"作者",""
511,21,19,"作者",""
512,21,20,"作者",""
513,21,22,"作者",""
514,21,90,"作者",""
515,21,24,"作者",""
516,21,26,"作者",""
517,21,27,"作者",""
518,21,28,"序作者","1788"
519,37,288,"序作者","1844"
520,48,145,"主要作者","1873"
523,49,145,"主要作者",""
524,39,301,"輓詞作者",""
525,43,327,"墓志詺作者",""
526,26,154,"跋作者","1896"
538,14,332,"序作者",""
527,14,167,"主要作者",""
528,55,403,"序作者","1886"
529,55,404,"序作者","1886"
530,55,405,"序作者","1887"
531,55,406,"傳記作者","1886"
613,61,156,"作者",""
539,14,330,"序作者",""
545,18,480,"凡例作者",""
546,20,2077,"作者",""
547,20,2078,"作者",""
548,21,2086,"題辭",""
549,51,263,"序作者",""
551,47,3554,"題辭","1830"
552,47,3555,"題辭","1830"
553,47,3556,"題辭","1830"
554,47,3557,"題辭","1830"
555,47,3558,"題辭","1830"
556,47,3559,"題辭","1830"
557,47,3560,"題辭","1830"
558,47,3561,"題辭","1830"
559,47,3562,"題辭","1830"
560,47,3563,"題辭","1830"
561,47,126,"題辭","1830"
562,47,338,"墓志詺作者","1830"
563,61,157,"作者",""
565,67,430,"序作者","1911"
566,67,429,"序作者","1911"
567,67,433,"序作者","1912"
568,57,345,"傳記作者",""
569,57,3825,"序作者","1852"
570,57,3828,"傳記作者","1853"
571,33,3900,"題辭",""
572,58,4101,"序作者",""
573,58,4102,"序作者","1912"
574,58,4103,"題辭",""
576,48,267,"題辭","1875"
577,49,4434,"校閲","1882"
578,49,4433,"校閲","1882"
582,40,315,"傳記作者","1875"
585,37,66,"作者",""
587,35,243,"作者",""
588,35,104,"作者",""
589,35,106,"作者",""
590,35,233,"作者",""
591,35,108,"作者",""
592,35,209,"作者",""
593,35,110,"作者",""
594,35,119,"作者",""
595,35,1161,"作者",""
596,35,877,"作者",""
597,35,1667,"作者",""
598,35,1895,"作者",""
599,35,3859,"作者",""
600,35,99,"作者",""
607,15,229,"題辭",""
602,35,1697,"作者",""
603,35,1415,"作者",""
605,35,165,"作者",""
606,35,1544,"作者",""
608,58,431,"年譜作者",""
609,54,406,"傳記作者","1886"
622,9,1951,"墓志詺作者",""
623,9,4399,"墓志詺作者",""
624,9,1977,"像贊作者",""
625,68,1664,"主要作者",""
626,69,43,"主要作者",""
627,70,911,"主要作者",""
628,71,163,"主要作者",""
629,72,1464,"主要作者",""
630,73,1435,"主要作者",""
631,74,1916,"主要作者",""
632,75,4569,"主要作者",""
633,76,222,"主要作者","1797"
634,77,202,"主要作者",""
635,78,4570,"主要作者",""
636,79,4570,"主要作者",""
637,81,1658,"主要作者",""
638,82,191,"主要作者",""
639,83,82,"主要作者",""
640,78,4571,"序作者","1921"
641,78,4572,"跋作者",""
643,87,4590,"编輯",""
645,84,621,"主要作者",""
646,85,748,"主要作者",""
647,86,1885,"主要作者",""
648,69,4582,"序作者","1637"
649,69,43,"序作者","1626"
650,76,222,"序作者","1797"
651,69,4582,"題辭","1626"
653,76,4600,"跋作者",""
654,76,4589,"跋作者",""
655,80,3828,"跋作者","1897"
656,72,4614,"序作者","1876"
657,71,92,"序作者","1846"
658,71,4578,"傳記作者",""
659,77,263,"序作者",""
660,83,4574,"序作者",""
661,83,4575,"序作者",""
662,83,4576,"序作者",""
663,83,4577,"題辭",""
664,83,4578,"題辭",""
665,83,4579,"跋作者","1818"
666,83,4580,"傳記作者",""
667,83,4581,"附記作者",""
668,83,263,"墓志詺作者",""
669,76,4600,"傳記作者",""
670,72,4621,"跋作者","1873"
671,79,4623,"序作者","1865"
672,79,4572,"附記作者","1855"
673,85,4625,"序作者","1712"
674,85,4626,"序作者","1711"
675,85,4627,"序作者",""
676,85,4628,"序作者","1711"
677,85,4629,"跋作者","1748"
678,69,4583,"傳記作者",""
679,69,4586,"跋作者","1651"
680,88,4640,"编輯",""
681,88,4640,"序作者",""
682,89,3847,"主要作者",""
683,90,911,"主要作者",""
684,91,911,"主要作者",""
685,92,99,"主要作者",""
705,112,225,"主要作者",""
687,94,4424,"主要作者",""
689,100,1480,"主要作者",""
690,98,1015,"主要作者",""
691,97,3647,"主要作者",""
692,108,1500,"主要作者",""
693,109,4663,"主要作者",""
694,94,4667,"序作者","1903"
695,94,4668,"序作者","1904"
696,94,247,"序作者","1903"
697,94,4669,"序作者","1903"
698,94,4670,"題辭",""
699,94,4671,"題辭",""
700,94,4672,"題辭",""
701,94,4669,"題辭",""
702,107,227,"主要作者",""
703,91,456,"序作者","1913"
704,91,4673,"題辭","1854"
706,91,456,"附記作者",""
707,55,150,"主要作者",""
708,107,4674,"題辭","1854"
709,107,4675,"序作者","1892"
710,107,4676,"傳記作者","1854"
711,107,4677,"序作者","1854"
712,107,343,"序作者","1854"
713,107,4678,"序作者","1854"
714,107,418,"題辭",""
715,107,3799,"題辭",""
716,107,4679,"題辭",""
717,107,4680,"題辭",""
718,107,4681,"題辭",""
719,107,3804,"題辭",""
720,107,3825,"題辭",""
721,107,3797,"題辭",""
722,107,3766,"題辭",""
723,107,4682,"題辭",""
724,107,4683,"題辭",""
725,107,199,"題辭",""
726,107,3568,"題辭",""
727,107,190,"題辭",""
728,107,3735,"題辭",""
729,107,3658,"題辭",""
730,107,3567,"題辭",""
731,110,3822,"主要作者",""
732,107,4684,"跋作者","1875"
733,106,82,"作者",""
734,106,127,"作者",""
735,106,199,"作者",""
736,106,188,"作者",""
737,96,4692,"主要作者",""
738,96,163,"主要作者",""
739,108,4685,"序作者",""
740,108,4697,"作者",""
741,108,1054,"作者",""
742,108,4578,"傳記作者",""
743,108,4699,"傳記作者",""
744,108,446,"傳記作者",""
745,108,4698,"附記作者",""
746,100,4713,"主要作者",""
747,100,4714,"主要作者",""
748,100,4715,"主要作者",""
749,105,3512,"主要作者",""
750,94,3990,"序作者",""
751,118,4424,"主要作者",""
752,95,4785,"编輯",""
753,95,94,"作者",""
754,95,99,"作者",""
755,95,221,"作者",""
756,99,4756,"主要作者",""
757,113,4783,"编輯",""
758,111,1917,"主要作者",""
759,118,4667,"序作者","1903"
760,118,3990,"序作者","1890"
761,118,4668,"序作者","1904"
762,118,247,"序作者","1903"
763,118,4669,"序作者","1903"
764,118,4670,"題辭",""
765,118,4671,"題辭",""
766,118,4672,"題辭",""
767,118,4669,"題辭",""
768,95,4785,"序作者",""
769,67,430,"傳記作者",""
770,67,430,"附記作者",""
771,47,3633,"輓詞作者",""
772,109,4710,"題辭",""
773,109,4711,"題辭",""
774,109,4788,"題辭",""
775,109,4789,"題辭",""
776,109,4791,"題辭",""
777,109,4793,"題辭",""
778,109,4794,"題辭",""
779,109,4795,"題辭",""
780,109,4796,"題辭",""
781,109,4797,"題辭",""
782,109,4712,"題辭",""
783,58,430,"傳記作者",""
784,58,432,"年譜作者",""
785,58,433,"年譜作者",""
786,105,4734,"序作者",""
787,105,4735,"題辭",""
788,105,4736,"題辭",""
789,105,4737,"題辭",""
790,105,4737,"附記作者",""
791,105,4738,"墓志詺作者",""
792,105,4739,"輓詞作者",""
793,105,4737,"輓詞作者",""
794,105,4744,"跋作者",""
795,71,4633,"跋作者",""
796,19,268,"凡例作者",""
797,63,306,"凡例作者",""
798,38,274,"凡例作者",""
799,99,4757,"跋作者",""
801,75,4647,"序作者",""
802,75,4643,"題辭",""
803,75,4644,"題辭",""
804,75,4645,"題辭",""
805,75,4646,"題辭",""
806,75,4649,"跋作者",""
807,74,4636,"附記作者",""
808,74,4635,"傳記作者",""
809,34,263,"傳記作者",""
811,70,4624,"编輯",""
812,86,4630,"序作者",""
813,82,454,"序作者",""
814,82,4635,"序作者",""
815,82,4636,"跋作者",""
816,73,4651,"序作者",""
817,68,4634,"序作者",""
818,89,4762,"序作者",""
819,89,4761,"跋作者",""
820,110,420,"序作者",""
821,110,3804,"序作者",""
822,110,4745,"序作者",""
823,110,4746,"序作者",""
824,110,4747,"序作者",""
825,110,4748,"序作者",""
826,110,4754,"傳記作者",""
827,110,4752,"跋作者",""
828,110,4753,"跋作者",""
829,9,5,"序作者",""
830,84,4763,"序作者",""
831,84,4764,"序作者",""
832,84,4765,"序作者",""
833,84,4766,"序作者",""
834,84,4626,"傳記作者",""
835,118,4841,"序作者","1907"
836,118,4424,"序作者","1906, 1905"
837,118,443,"序作者","1906"
838,118,4809,"序作者","1907"
842,100,4830,"跋作者","1878"
843,112,4860,"序作者","1884"
844,112,4861,"序作者","1884"
845,112,4862,"序作者","1886"
846,112,4863,"序作者","1890"
847,112,4864,"序作者","1891"
848,112,224,"序作者","1857"
849,112,4908,"題辭",""
850,112,4909,"序作者","1890"
851,112,4896,"題辭",""
852,112,4895,"題辭",""
853,112,4677,"題辭",""
854,112,4897,"題辭",""
855,112,4898,"題辭",""
856,112,4899,"題辭",""
857,112,4900,"題辭",""
858,112,4901,"題辭",""
859,112,4902,"題辭",""
860,112,4903,"題辭",""
861,112,4904,"題辭",""
862,112,4905,"題辭",""
863,112,4906,"題辭",""
864,112,4907,"題辭",""
865,112,4910,"題辭",""
866,112,4936,"題辭",""
867,112,4911,"題辭",""
868,112,4912,"題辭",""
869,112,4913,"題辭",""
870,112,4914,"題辭",""
871,112,4915,"題辭",""
872,112,4916,"題辭",""
873,112,4917,"題辭",""
874,112,4918,"題辭",""
875,112,4919,"題辭",""
876,112,4920,"題辭",""
877,112,4921,"題辭",""
878,112,4922,"題辭",""
879,112,4924,"題辭",""
880,112,4925,"題辭",""
881,112,4926,"題辭",""
882,112,4927,"題辭",""
883,112,4928,"題辭",""
884,112,4929,"題辭",""
885,112,4930,"題辭",""
886,112,4931,"題辭",""
887,112,4932,"題辭",""
888,112,4933,"題辭",""
889,112,4861,"題辭",""
890,112,4934,"題辭",""
891,112,265,"題辭",""
892,112,4935,"題辭",""
893,112,4937,"跋作者","1889"
895,98,4942,"序作者","1606"
896,98,4949,"題辭","1606"
897,98,4948,"跋作者","1608	"
906,111,4813,"序作者",""
900,97,4943,"序作者","1841"
901,97,92,"序作者","1847"
902,97,4944,"序作者","1851"
903,97,4945,"序作者","1851"
904,97,3647,"序作者","1851"
905,120,685,"编輯",""
907,111,161,"序作者",""
908,92,263,"序作者",""
909,92,4803,"序作者",""
910,92,4804,"序作者",""
911,92,4805,"序作者",""
912,92,4806,"序作者",""
913,92,4800,"序作者",""
914,92,4807,"序作者",""
915,106,3512,"编輯",""
916,121,5583,"主要作者",""
917,127,5584,"主要作者",""
918,123,5584,"主要作者",""
919,126,3856,"主要作者",""
920,122,5585,"主要作者",""
921,125,4036,"主要作者",""
922,124,4125,"主要作者",""
923,121,5586,"序作者",""
924,121,5587,"序作者",""
925,128,5590,"编輯",""
926,129,5591,"编輯",""
927,130,5776,"主要作者",""
928,131,4278,"主要作者",""
929,133,5783,"主要作者",""
930,132,5789,"主要作者",""
931,132,5790,"序作者","1868"
932,132,5791,"跋作者","1884"
933,132,5792,"傳記作者","1873"
934,122,5793,"序作者",""
935,122,5794,"序作者",""
936,134,166,"主要作者","清"
937,134,4704,"序作者",""
938,134,4803,"序作者",""
939,134,4705,"序作者",""
940,134,5959,"序作者",""
941,134,5959,"跋作者",""
942,134,5960,"跋作者",""
950,135,5962,"主要作者",""
944,137,1502,"主要作者",""
945,138,239,"主要作者",""
946,138,308,"序作者",""
947,141,3987,"主要作者",""
948,142,201,"主要作者",""
949,136,3997,"主要作者",""
951,139,5965,"主要作者",""
952,140,5966,"主要作者",""
953,144,4024,"主要作者",""
954,146,763,"主要作者",""
955,147,3656,"主要作者",""
956,148,4021,"主要作者",""
957,149,256,"主要作者",""
958,143,6010,"主要作者",""
959,145,6001,"主要作者",""
960,153,5829,"主要作者",""
961,155,5803,"主要作者",""
962,156,1918,"主要作者",""
963,157,229,"主要作者",""
964,159,1455,"主要作者",""
965,160,4431,"主要作者",""
966,161,6038,"主要作者",""
967,162,1748,"主要作者",""
968,163,1416,"主要作者",""
969,164,47,"主要作者",""
970,165,1544,"主要作者",""
971,166,5936,"主要作者",""
972,167,6039,"主要作者",""
973,158,6040,"主要作者",""
974,168,6093,"主要作者",""
975,169,823,"主要作者",""
976,170,106,"主要作者",""
977,171,5584,"主要作者",""
978,172,161,"主要作者",""
979,173,259,"主要作者",""
980,174,573,"主要作者",""
981,175,6230,"编輯",""
983,177,6232,"主要作者",""
984,178,6233,"主要作者",""
986,180,6235,"编輯",""
987,181,6236,"主要作者",""
988,182,6237,"编輯",""
989,154,6172,"主要作者",""
990,151,6107,"主要作者",""
991,150,6256,"主要作者",""
992,152,6107,"主要作者",""
993,183,4227,"主要作者",""
994,184,127,"编輯",""
995,185,1379,"主要作者",""
996,186,6279,"编輯",""
997,187,6280,"主要作者",""
998,188,92,"主要作者",""
999,189,6281,"主要作者",""
1000,190,196,"主要作者",""
1001,191,6282,"主要作者",""
1002,193,4132,"主要作者",""
1003,192,6379,"主要作者",""
1030,218,4492,"主要作者",""
1005,196,3854,"校註者",""
1006,197,3855,"编輯",""
1007,194,6444,"主要作者",""
1008,198,1544,"主要作者",""
1009,199,1143,"主要作者",""
1010,200,6450,"主要作者",""
1011,201,3681,"主要作者",""
1012,202,6451,"主要作者",""
1013,203,42,"主要作者",""
1014,204,1865,"主要作者",""
1015,205,528,"主要作者",""
1016,206,736,"主要作者",""
1017,207,1116,"主要作者",""
1018,208,6452,"主要作者",""
1019,209,6453,"主要作者",""
1020,210,1397,"主要作者",""
1021,211,6454,"主要作者",""
1022,212,1174,"主要作者",""
1023,213,1169,"主要作者",""
1024,214,6455,"主要作者",""
1025,215,944,"主要作者",""
1026,216,4025,"主要作者",""
1027,217,1195,"主要作者",""
1029,195,6379,"主要作者",""
1031,219,1786,"主要作者",""
1032,220,165,"主要作者",""
1033,221,106,"主要作者",""
1034,222,106,"编輯",""
1035,223,1315,"主要作者",""
1036,225,213,"主要作者",""
1037,226,6457,"主要作者",""
1038,227,874,"主要作者",""
1039,228,6458,"主要作者",""
1040,229,1148,"主要作者",""
1041,230,1704,"主要作者",""
1042,231,3860,"主要作者",""
1043,232,1745,"主要作者",""
1044,233,4254,"主要作者",""
1045,234,1312,"主要作者",""
1046,235,6459,"主要作者",""
1047,236,6460,"主要作者",""
1048,237,4031,"主要作者",""
1049,224,999,"主要作者",""
1050,238,3636,"主要作者",""
1051,239,4059,"主要作者",""
1052,240,1279,"主要作者",""
1053,241,1668,"主要作者",""
1054,242,6473,"主要作者",""
1055,243,1155,"主要作者",""
1056,244,2663,"主要作者",""
1057,245,274,"主要作者",""
1058,246,3655,"主要作者",""
1059,247,6480,"主要作者",""
1060,248,6481,"主要作者",""
1061,249,6482,"主要作者",""
1062,250,190,"主要作者",""
1063,251,214,"主要作者",""
1064,252,4227,"主要作者",""
1065,253,1061,"主要作者",""
1066,254,2639,"主要作者",""
1067,255,6486,"主要作者",""
1068,256,6487,"主要作者",""
1069,257,1564,"主要作者",""
1070,258,3994,"主要作者",""
1071,260,3643,"主要作者",""
1072,261,4006,"主要作者",""
1073,262,1919,"主要作者",""
1074,263,212,"主要作者",""
1075,264,6489,"主要作者",""
1076,266,5937,"主要作者",""
1077,259,6488,"主要作者",""
1078,267,6736,"主要作者",""
1079,268,12,"主要作者",""
1080,270,3741,"主要作者",""
1081,271,197,"主要作者",""
1082,272,5808,"主要作者",""
1083,273,6738,"主要作者",""
1084,274,3923,"主要作者",""
1085,275,6739,"主要作者",""
1086,276,4222,"主要作者",""
1087,187,6728,"序作者","1908"
1088,183,6396,"序作者","1852"
1089,183,6397,"序作者","1849"
1090,183,6398,"序作者",""
1091,183,6399,"序作者",""
1092,184,1664,"序作者","1822"
1093,184,163,"序作者","1822"
1094,185,4705,"序作者","1821"
1095,188,6428,"序作者","1832"
1096,188,6429,"序作者","1851"
1097,189,6434,"序作者",""
1098,189,6425,"序作者","1921"
1100,191,6388,"題辭",""
1101,191,6389,"題辭",""
1102,191,6390,"題辭",""
1103,191,4542,"序作者","1935"
1104,191,6391,"序作者",""
1105,191,6392,"序作者","1936"
1106,191,6393,"跋作者","1935"
1107,191,6394,"跋作者","1935"
1108,192,6381,"序作者","1826"
1109,192,6379,"題辭",""
1110,194,6456,"序作者","1836"
1111,195,6379,"序作者","1821"
1112,196,6468,"序作者",""
1113,196,6467,"序作者","1063"
1114,196,163,"序作者",""
1115,196,6466,"序作者","1833"
1116,197,4702,"序作者",""
1117,199,6462,"序作者","1805"
1118,199,6463,"序作者","1806"
1119,199,6464,"題辭",""
1120,199,6465,"題辭",""
1121,201,3681,"序作者",""
1122,202,6751,"序作者","1909"
1123,202,6752,"序作者","1909"
1124,202,6753,"題辭","1909"
1125,202,6759,"序作者","1909"
1126,202,6754,"傳記作者","1909"
1127,202,6755,"序作者","1909"
1128,202,6756,"傳記作者","1907"
1129,202,6757,"傳記作者","1909"
1130,204,6722,"序作者","1739"
1131,204,6723,"序作者","1742"
1132,204,6727,"跋作者",""
1133,204,6726,"跋作者","1746"
1134,204,6725,"跋作者","1748"
1135,204,6724,"跋作者","1750"
1136,206,6761,"序作者",""
1137,206,6762,"序作者",""
1138,206,6763,"傳記作者",""
1139,206,6764,"墓志詺作者",""
1140,206,6765,"凡例作者",""
1141,210,6472,"序作者",""
1142,211,6729,"傳記作者",""
1143,211,6729,"跋作者","1738"
1144,212,6478,"跋作者",""
1145,212,6479,"跋作者","1798"
1146,213,6470,"序作者","1765"
1147,213,6471,"序作者",""
1148,215,6700,"題辭",""
1149,216,5712,"序作者","1841"
1150,216,6596,"序作者","1841"
1151,216,6598,"序作者",""
1152,216,6597,"序作者",""
1153,224,6540,"跋作者","1814"
1154,226,6068,"序作者","1804"
1155,226,6570,"題辭",""
1156,226,6484,"題辭",""
1157,226,6485,"題辭",""
1158,226,6718,"題辭",""
1159,226,6571,"題辭",""
1160,226,6572,"題辭",""
1161,227,6595,"序作者","1797"
1162,230,6701,"序作者","1818"
1163,230,6505,"序作者","1817"
1164,230,6569,"跋作者","1818"
1165,230,6702,"跋作者",""
1166,231,6542,"序作者","1775"
1167,231,6555,"序作者","1814"
1168,231,3860,"序作者","1814"
1169,231,6544,"序作者","1814"
1170,231,6543,"序作者","1814"
1171,233,5693,"傳記作者",""
1172,233,6566,"序作者","1838"
1173,233,6567,"",""
1174,233,6568,"序作者","1838"
1175,235,6706,"序作者","1841"
1176,235,6564,"題辭",""
1177,235,6705,"題辭",""
1178,235,6704,"序作者","1841"
1179,235,6703,"傳記作者","1841"
1180,235,6703,"輓詞作者",""
1181,237,6563,"序作者","1830"
1182,237,6565,"跋作者","1831"
1183,238,6562,"跋作者","1842"
1184,239,6541,"題辭",""
1185,239,3571,"序作者","1847"
1186,239,417,"跋作者",""
1187,241,6120,"序作者","1817"
1188,243,6590,"序作者","1827"
1189,245,2135,"序作者","1815"
1190,245,6574,"序作者","1815"
1191,245,6575,"序作者","1814"
1192,245,6731,"跋作者","1815"
1193,245,6576,"跋作者","1816"
1194,245,6577,"跋作者","1861"
1195,246,6578,"序作者","1840"
1196,246,343,"傳記作者",""
1197,246,6708,"傳記作者","1840"
1198,246,6579,"附記作者","1840"
1199,246,6580,"跋作者","1840"
1200,246,6709,"跋作者","1839"
1201,246,6579,"跋作者","1840"
1202,248,6717,"序作者","1847"
1203,250,6747,"序作者","1849"
1204,250,6748,"","1857"
1205,250,410,"像贊作者","1857"
1206,250,418,"序作者","1852"
1207,251,6581,"序作者","1812"
1208,251,5651,"題辭","1824"
1209,251,6484,"序作者","1824"
1210,251,5682,"題辭",""
1211,251,6710,"序作者","1825"
1212,251,6711,"序作者",""
1215,251,6713,"跋作者","1825"
1214,251,6712,"題辭",""
1216,253,3639,"序作者","1836"
1217,253,6740,"題辭",""
1218,253,6741,"題辭",""
1219,253,6742,"題辭",""
1220,256,6601,"傳記作者",""
1221,256,6599,"序作者",""
1222,256,6600,"序作者","1859"
1223,256,6606,"跋作者","1919"
1224,257,6719,"題辭","1842"
2162,475,6424,"编輯",""
1226,257,6721,"題辭",""
1227,258,6733,"序作者","1830"
1228,258,6734,"序作者","1831"
1229,259,6769,"傳記作者",""
1230,259,6766,"序作者","1861"
1231,259,6767,"序作者",""
1232,259,6768,"題辭",""
1233,276,5649,"序作者","1873"
1234,276,6782,"傳記作者",""
1235,276,6777,"跋作者","1897"
1236,222,106,"序作者","1796"
1237,222,6783,"序作者","1796"
1238,275,6771,"序作者","1874"
1239,275,6773,"題辭",""
1240,275,6774,"跋作者","1877"
1241,275,6775,"跋作者","1877"
1242,275,6778,"題辭",""
1243,275,6776,"序作者",""
1244,275,6780,"跋作者",""
1245,263,3639,"序作者","1845"
1246,263,6745,"跋作者","1845"
1247,263,4858,"題辭",""
1248,263,6787,"題辭",""
1249,263,3648,"題辭",""
1250,264,6582,"傳記作者",""
1251,264,6573,"傳記作者","1826"
1252,264,6583,"輓詞作者",""
1253,264,6584,"輓詞作者",""
1254,264,4445,"序作者","1826"
1255,264,925,"題辭",""
1256,264,124,"題辭",""
1257,264,167,"題辭",""
1258,264,6714,"題辭",""
1259,264,6585,"題辭",""
1260,264,4058,"題辭",""
1261,265,6591,"題辭",""
1262,265,6592,"序作者","1875"
1263,265,6605,"序作者","1874"
1264,265,6593,"跋作者","1875"
1265,266,6586,"序作者","1834"
1266,266,6587,"序作者","1863"
1267,266,6588,"序作者","1863"
1268,266,6589,"題辭",""
1269,266,6668,"題辭",""
1270,266,6669,"題辭",""
1271,266,6670,"題辭",""
1272,266,6671,"題辭",""
1273,269,4839,"序作者","1863"
1274,268,308,"序作者","1890"
1275,268,383,"跋作者","1891"
1276,186,4636,"序作者","1850"
1277,186,6798,"序作者","1850"
1278,186,6445,"序作者","1850"
1279,186,6279,"序作者","1850"
1280,186,6799,"跋作者",""
1281,186,6446,"跋作者",""
1282,186,6060,"跋作者","1850"
1283,186,4836,"跋作者","1850"
1284,186,1919,"跋作者","1850"
1285,274,6750,"傳記作者",""
1286,274,6760,"傳記作者",""
1287,196,6461,"编輯",""
1288,265,6490,"主要作者",""
1289,269,6737,"主要作者",""
1290,277,6808,"主要作者",""
1291,278,6809,"主要作者",""
1292,280,5877,"主要作者",""
1293,283,5845,"主要作者",""
1294,285,3611,"主要作者",""
1295,287,6577,"主要作者",""
1296,289,4149,"主要作者",""
1297,290,5842,"主要作者",""
1298,291,5842,"主要作者",""
1299,292,3583,"主要作者",""
1300,293,3583,"主要作者",""
1302,282,6832,"主要作者",""
1303,284,6838,"主要作者",""
1304,286,6839,"主要作者",""
1305,288,6840,"主要作者",""
1306,294,6842,"主要作者",""
1307,295,6843,"主要作者",""
1308,296,3756,"主要作者",""
1309,297,4400,"主要作者",""
1310,300,3990,"主要作者",""
1311,299,3739,"主要作者",""
1312,305,4091,"主要作者",""
1313,306,1777,"主要作者",""
1314,307,5826,"主要作者",""
1315,301,6906,"主要作者",""
1316,302,6907,"主要作者",""
1317,298,6908,"主要作者",""
1318,310,6911,"主要作者",""
1319,311,6912,"主要作者",""
1320,313,3758,"主要作者",""
1321,314,6913,"主要作者",""
1322,309,6914,"主要作者",""
1323,303,6915,"主要作者",""
1326,312,6918,"主要作者",""
1327,308,6919,"主要作者",""
1328,315,6937,"主要作者",""
1329,316,6938,"主要作者",""
1330,317,6940,"主要作者",""
1331,321,213,"主要作者",""
1332,319,6975,"主要作者",""
1333,320,6976,"主要作者",""
1349,338,6989,"主要作者",""
1335,322,6981,"主要作者",""
1336,324,6982,"主要作者",""
1337,325,1153,"主要作者",""
1338,326,4065,"主要作者",""
1339,327,4091,"主要作者",""
1340,328,4258,"主要作者",""
1341,329,6983,"主要作者",""
1342,330,258,"主要作者",""
1343,331,6985,"主要作者",""
1344,332,6986,"主要作者",""
1345,334,6987,"主要作者",""
1346,335,5815,"主要作者",""
1347,336,4189,"主要作者",""
1348,337,6988,"主要作者",""
1350,339,6990,"主要作者",""
1351,340,5798,"主要作者",""
1352,341,1092,"主要作者",""
1353,342,7010,"主要作者",""
1354,343,7011,"主要作者",""
1355,344,1300,"主要作者",""
1356,345,4246,"主要作者",""
1357,346,7052,"主要作者",""
1358,347,7053,"主要作者",""
1359,348,6450,"主要作者",""
1360,349,4012,"主要作者",""
1361,350,7081,"主要作者",""
1362,351,7080,"主要作者",""
1364,352,7082,"主要作者",""
1365,353,7083,"主要作者",""
1366,354,3592,"主要作者",""
1367,355,2270,"主要作者",""
1368,356,801,"主要作者",""
1369,359,1674,"主要作者",""
1370,361,818,"主要作者",""
1371,357,1215,"主要作者",""
1372,358,707,"主要作者",""
1373,362,66,"主要作者",""
1374,363,1381,"主要作者",""
1375,364,1172,"主要作者",""
1376,365,7097,"主要作者",""
1377,360,44,"主要作者",""
1378,366,83,"主要作者",""
1379,278,6948,"序作者",""
1380,278,7048,"跋作者","1895"
1381,277,6927,"跋作者","1889"
1382,277,5786,"跋作者","1906"
1383,277,6928,"跋作者","1907"
1389,279,398,"傳記作者",""
1385,280,308,"序作者","1891"
1386,280,6960,"序作者","1891"
1387,280,6961,"序作者","1896"
1388,279,6827,"主要作者",""
1390,280,6963,"序作者","1897"
1391,280,6954,"序作者","1901"
1392,280,6962,"序作者","1897"
1393,280,6995,"跋作者","1900"
1394,282,6929,"序作者","1920"
1396,282,6931,"序作者",""
1397,282,6932,"序作者","1934"
1398,282,6934,"題辭",""
1399,282,6936,"題辭",""
1400,282,6939,"題辭",""
1401,282,6931,"題辭",""
1402,282,6933,"題辭",""
1403,282,6935,"跋作者",""
1404,283,265,"序作者",""
1405,283,4677,"序作者","1886"
1406,283,279,"序作者","1882"
1407,283,6853,"序作者","1885"
1408,283,6852,"序作者","1870"
1409,283,6855,"序作者","1880"
1410,283,6854,"序作者","1883"
1411,283,6856,"序作者","1874"
1412,367,1179,"主要作者",""
1413,368,231,"主要作者",""
1414,369,1098,"主要作者",""
1415,141,6266,"傳記作者",""
1416,141,5973,"序作者",""
1417,141,4624,"序作者","1900"
1418,141,6267,"序作者","1901"
1419,141,5986,"題辭",""
1420,141,6268,"題辭",""
1421,141,5982,"題辭",""
1422,141,6269,"題辭",""
1424,141,5979,"題辭",""
1425,141,6270,"題辭",""
1426,141,5985,"題辭",""
1427,141,5984,"題辭",""
1428,141,6271,"題辭",""
1429,141,6272,"題辭",""
1430,141,5983,"題辭",""
1431,141,5980,"題辭",""
1432,141,6273,"題辭",""
1433,141,5981,"題辭",""
1434,141,6274,"題辭",""
1435,141,6275,"題辭",""
1436,141,6276,"題辭",""
1437,141,6277,"題辭",""
1438,141,6278,"題辭",""
1439,136,6002,"序作者","1874"
1440,136,6003,"題辭",""
1441,136,6004,"題辭",""
1442,136,4737,"題辭",""
1443,136,4734,"題辭",""
1444,136,5989,"題辭",""
1445,136,4744,"題辭",""
1446,136,5586,"題辭",""
1447,136,5990,"題辭",""
1448,136,400,"題辭",""
1449,136,5991,"題辭",""
1450,136,5992,"題辭",""
1451,136,5993,"題辭",""
1452,136,6005,"題辭",""
1453,136,3512,"題辭",""
1454,136,6006,"題辭",""
1455,136,6007,"題辭",""
1456,136,6008,"題辭",""
1457,136,6009,"題辭",""
1458,123,5636,"序作者","1788"
1459,123,5584,"序作者","1751"
1460,127,5633,"序作者","1856"
1461,127,1172,"序作者","1786"
1462,127,5635,"序作者","1817"
1463,127,5634,"序作者","1785"
1464,127,5584,"序作者","1707"
1465,127,5636,"跋作者",""
1466,123,5634,"序作者",""
1467,171,6430,"像贊作者",""
1468,171,1172,"序作者","1786"
1469,171,5584,"序作者","1707"
1470,171,5635,"序作者","1817"
1471,171,5634,"序作者","1785"
1472,171,5636,"跋作者",""
1473,140,6257,"序作者","1912"
1474,140,6258,"題辭",""
1475,140,6259,"題辭",""
1476,140,6260,"題辭",""
1477,140,6262,"題辭",""
1478,140,6257,"題辭",""
1479,140,6263,"題辭",""
1480,140,6261,"題辭",""
1481,143,6011,"序作者","1900"
1482,143,6012,"跋作者","1900"
1483,168,6229,"序作者","1900"
1484,168,6220,"序作者","1893"
1485,168,6093,"序作者","1893"
1486,168,6221,"題辭",""
1487,168,6222,"題辭",""
1488,168,6223,"題辭",""
1489,168,6224,"題辭",""
1490,168,5986,"題辭",""
1491,168,6369,"題辭",""
1492,168,6370,"題辭",""
1493,168,6371,"題辭",""
1494,168,6372,"題辭",""
1495,168,6226,"題辭",""
1496,168,6227,"題辭",""
1497,168,6228,"題辭",""
1498,154,6057,"序作者",""
1499,154,6173,"序作者",""
1500,154,6174,"序作者",""
1501,154,6175,"題辭",""
1502,141,5978,"跋作者","1899"
1503,136,5977,"跋作者",""
1504,123,7155,"序作者",""
1505,123,7155,"傳記作者",""
1506,123,5634,"墓志詺作者",""
1507,370,4075,"主要作者",""
1508,371,63,"主要作者",""
1509,372,7160,"主要作者",""
1510,364,7167,"序作者",""
1511,364,7168,"序作者",""
1512,364,7169,"傳記作者",""
1513,373,3847,"主要作者",""
1514,374,1317,"主要作者",""
1515,375,7175,"主要作者",""
1516,376,61,"主要作者",""
1517,377,7176,"主要作者",""
1518,378,808,"主要作者",""
1519,338,7177,"序作者","1910"
1520,338,7178,"序作者","1908"
1521,338,7179,"序作者","1910"
1522,357,7184,"序作者",""
1523,357,7185,"序作者","1717"
1524,361,7187,"序作者",""
1525,361,7188,"序作者","1753"
1526,342,7150,"序作者",""
1527,342,7153,"跋作者",""
1528,357,7186,"傳記作者",""
1529,357,7186,"跋作者",""
1530,334,7064,"序作者","1882"
1531,334,7190,"傳記作者","1896"
1532,334,7189,"跋作者","1923"
1533,344,7145,"序作者","1867"
1534,344,7146,"題辭",""
1535,344,7147,"題辭",""
1536,344,7148,"題辭",""
1537,344,7149,"題辭",""
1538,344,4829,"跋作者","1873"
1539,335,7092,"序作者","1907"
1540,335,7093,"序作者","1908"
1541,335,3676,"題辭",""
1542,335,7094,"題辭",""
1543,335,3727,"題辭",""
1544,335,32,"題辭",""
1545,335,7095,"跋作者","1908"
1546,335,7096,"跋作者","1908"
1547,329,7041,"傳記作者","1820"
1548,326,3563,"序作者","1839"
1549,325,7042,"跋作者","1791"
1550,322,308,"序作者","1888"
1551,322,7161,"序作者","1886"
2522,322,8166,"序作者",""
1553,322,7162,"傳記作者","1886"
1554,322,7191,"跋作者","1887"
1555,379,4236,"主要作者",""
1556,380,7214,"主要作者",""
1557,381,1376,"主要作者",""
1558,382,7230,"主要作者",""
1559,383,5824,"主要作者",""
1560,384,5807,"主要作者",""
1561,386,1917,"主要作者",""
1562,386,191,"主要作者",""
1563,386,1918,"主要作者",""
1564,386,1919,"主要作者",""
1565,386,4636,"编輯",""
1566,387,853,"主要作者",""
1567,389,7249,"主要作者",""
1568,390,3755,"主要作者",""
1569,288,7250,"題辭",""
1570,388,7248,"主要作者",""
1571,391,7253,"校註者",""
1572,391,7254,"主要作者",""
1573,392,3847,"主要作者",""
1574,288,7251,"題辭",""
1575,288,7258,"題辭",""
1576,288,7260,"題辭",""
1577,382,7255,"序作者",""
1578,375,7286,"序作者",""
1579,371,5998,"序作者",""
1618,382,7287,"跋作者",""
1617,382,7255,"跋作者",""
1582,366,7295,"序作者",""
1583,366,7296,"跋作者",""
1584,366,6066,"序作者",""
1585,368,7198,"序作者",""
1586,368,7278,"序作者",""
1587,368,7277,"序作者",""
1588,368,7279,"像贊作者",""
1589,368,7276,"傳記作者",""
1590,368,7277,"跋作者",""
1591,368,7280,"跋作者",""
1592,368,7276,"輓詞作者",""
1593,379,7298,"跋作者",""
1594,380,7297,"序作者",""
1595,380,7298,"傳記作者",""
1596,339,127,"序作者",""
1597,339,7125,"題辭",""
1598,339,7126,"題辭",""
1599,339,1349,"題辭",""
1600,339,199,"題辭",""
1601,339,3639,"題辭",""
1602,339,1737,"題辭",""
1603,339,7128,"題辭",""
1604,339,6917,"題辭",""
1605,339,3677,"題辭",""
1606,345,7300,"序作者",""
1607,362,7284,"序作者",""
1608,362,7283,"序作者",""
1609,362,7282,"傳記作者",""
1610,362,7281,"序作者",""
1611,362,7291,"跋作者",""
1612,362,7291,"附記作者",""
1613,382,7255,"傳記作者",""
1616,382,7288,"跋作者",""
1619,369,7310,"傳記作者",""
1620,369,7302,"序作者",""
1621,369,7303,"序作者",""
1622,369,72,"跋作者",""
1623,376,7223,"序作者",""
1624,376,3900,"序作者",""
1626,385,7411,"主要作者",""
1627,385,7438,"序作者",""
1628,385,7457,"跋作者",""
1629,393,1294,"主要作者",""
1630,394,6985,"主要作者",""
1631,397,7460,"主要作者",""
1632,396,5805,"主要作者",""
1633,398,3847,"主要作者",""
1634,395,7461,"主要作者",""
1635,399,7462,"主要作者",""
1636,400,5853,"主要作者",""
1637,378,7473,"序作者",""
1638,378,7474,"序作者",""
1639,378,7475,"序作者",""
1640,378,7476,"序作者",""
1641,378,7477,"傳記作者",""
1642,384,6788,"序作者",""
1643,384,7496,"序作者",""
1644,410,4168,"主要作者",""
1645,411,1665,"主要作者",""
1646,412,617,"主要作者",""
1647,401,851,"主要作者",""
1648,402,1347,"主要作者",""
1649,403,866,"主要作者",""
1650,406,5904,"主要作者",""
1651,407,1466,"主要作者",""
1652,414,255,"主要作者",""
1653,415,930,"主要作者",""
1654,416,929,"主要作者",""
1655,404,7499,"主要作者",""
1656,417,199,"主要作者",""
1657,418,5822,"主要作者",""
1658,408,7500,"主要作者",""
1659,409,7501,"主要作者",""
1660,413,7502,"主要作者",""
1661,405,7503,"主要作者",""
1662,341,6068,"序作者",""
1663,341,4804,"跋作者",""
1664,341,4804,"傳記作者",""
1665,331,7040,"跋作者",""
1666,310,4668,"序作者",""
1667,309,308,"序作者",""
1668,305,7020,"序作者",""
1669,305,7054,"序作者",""
1670,305,7416,"傳記作者",""
1671,305,7022,"傳記作者",""
1672,299,3739,"序作者",""
1674,299,7338,"跋作者",""
1675,298,7015,"序作者",""
1676,297,7050,"傳記作者",""
1677,297,7004,"傳記作者",""
1678,297,7051,"序作者",""
1679,295,7105,"序作者",""
1680,292,6970,"序作者",""
1681,292,6979,"跋作者",""
1682,291,6947,"跋作者",""
1683,288,5669,"序作者",""
1684,288,3825,"序作者",""
1685,287,7049,"序作者",""
1686,287,305,"題辭",""
1687,287,7106,"跋作者",""
1688,286,6839,"序作者",""
1689,272,6807,"序作者",""
1690,419,7525,"主要作者",""
1691,420,7526,"主要作者",""
1692,421,207,"主要作者",""
1693,422,7527,"主要作者",""
1694,422,1127,"主要作者",""
1695,423,1933,"主要作者",""
1696,423,1934,"主要作者",""
1697,424,4240,"主要作者",""
1698,425,7528,"主要作者",""
1699,426,1852,"主要作者",""
1700,427,7529,"主要作者",""
1701,428,7052,"主要作者",""
1702,429,7530,"主要作者",""
1703,430,7531,"主要作者",""
1704,431,7532,"主要作者",""
1705,432,7533,"主要作者",""
1706,433,7533,"主要作者",""
1707,434,7534,"主要作者",""
1708,435,7535,"主要作者",""
1709,436,7536,"主要作者",""
1710,437,7537,"主要作者",""
1712,439,7539,"主要作者",""
1713,440,7540,"主要作者",""
1715,442,1830,"主要作者",""
1716,443,92,"主要作者",""
1717,444,7542,"主要作者",""
1718,445,1434,"主要作者",""
1720,447,1104,"主要作者",""
1721,219,7347,"序作者",""
1722,219,4707,"傳記作者",""
1723,219,4707,"題辭",""
1724,219,7348,"題辭",""
1725,219,7544,"題辭",""
1726,219,1438,"題辭",""
1727,253,7351,"題辭",""
1728,253,6743,"題辭",""
1729,253,7352,"題辭",""
1730,253,6744,"題辭",""
1731,253,4831,"題辭",""
1732,253,6745,"題辭",""
1733,253,7354,"題辭",""
1734,253,4886,"題辭",""
1735,253,1368,"題辭",""
1736,253,7353,"題辭",""
1737,253,1737,"題辭",""
1738,253,3639,"題辭",""
1739,253,7355,"題辭",""
1740,253,212,"題辭",""
1741,253,3642,"題辭",""
1742,253,3619,"題辭",""
1743,278,7043,"題辭",""
1744,278,7044,"題辭",""
1745,278,7045,"題辭",""
1746,278,4535,"題辭",""
1747,278,7046,"題辭",""
1748,278,7339,"題辭",""
1749,278,7047,"題辭",""
1750,278,6058,"附記作者",""
1751,278,7340,"傳記作者",""
1752,278,7341,"傳記作者",""
1875,393,7561,"序作者",""
1754,289,7335,"序作者",""
1755,289,7326,"序作者",""
1756,289,7335,"題辭",""
1757,302,6998,"序作者",""
1758,302,6998,"墓志詺作者",""
1759,310,7383,"跋作者",""
1760,310,7018,"跋作者",""
1761,310,7019,"跋作者",""
1762,332,7059,"序作者",""
1763,332,7061,"跋作者",""
1764,332,7385,"跋作者",""
1765,335,7515,"跋作者",""
1766,337,7386,"序作者",""
1767,343,7381,"傳記作者",""
1768,343,7524,"跋作者",""
1769,346,7377,"序作者",""
1770,347,7115,"序作者",""
1771,353,7368,"序作者",""
1772,353,7440,"序作者",""
1773,355,7366,"序作者",""
1774,360,7319,"序作者",""
1775,360,7320,"序作者",""
1776,360,7318,"序作者",""
1777,360,7317,"序作者",""
1778,360,7317,"跋作者",""
1779,361,7453,"序作者",""
1780,361,7464,"序作者",""
1781,361,7466,"序作者",""
1782,361,7467,"序作者",""
1783,361,7468,"序作者",""
1784,361,7469,"跋作者",""
1785,361,7470,"跋作者",""
1786,366,7309,"跋作者",""
1787,370,7359,"序作者",""
1788,370,7360,"序作者",""
1789,370,7522,"跋作者",""
1790,370,7523,"跋作者",""
3608,353,7548,"跋作者",""
1792,307,7012,"墓志詺作者",""
1793,307,7013,"墓志詺作者",""
1794,307,7014,"序作者",""
1795,365,7306,"序作者",""
1796,365,7305,"題辭",""
1797,365,7304,"題辭",""
1798,365,7412,"題辭",""
1799,289,7326,"題辭",""
1800,289,7327,"題辭",""
1801,289,7337,"題辭",""
1802,289,7336,"題辭",""
1803,289,7328,"題辭",""
1804,289,7329,"題辭",""
1805,289,922,"題辭",""
1806,289,7330,"題辭",""
1807,289,3647,"題辭",""
1808,289,7331,"題辭",""
1809,289,7332,"傳記作者",""
1810,289,7333,"跋作者",""
1811,299,7015,"題辭",""
1812,308,7343,"題辭",""
1813,308,7344,"題辭",""
1814,308,7345,"題辭",""
1815,308,7346,"題辭",""
1816,308,7057,"跋作者",""
1817,314,400,"傳記作者",""
1818,314,7384,"傳記作者",""
1819,314,7104,"題辭",""
1820,255,7292,"序作者",""
1821,255,7356,"傳記作者",""
1822,255,7292,"輓詞作者",""
1823,255,7293,"其他作者",""
1824,255,7521,"其他作者",""
1825,255,7294,"跋作者",""
1826,341,7103,"題辭",""
1827,337,4829,"題辭",""
1828,337,7387,"題辭",""
1829,337,7388,"題辭",""
1830,337,7389,"題辭",""
1831,337,7390,"題辭",""
1832,337,7391,"題辭",""
1833,337,7392,"題辭",""
1834,337,7393,"題辭",""
1835,337,7394,"題辭",""
1836,337,7395,"題辭",""
1837,337,7396,"題辭",""
1838,337,7398,"題辭",""
1839,337,7399,"題辭",""
1840,337,7397,"題辭",""
1841,337,7401,"題辭",""
1842,337,7402,"題辭",""
1843,337,7403,"題辭",""
1844,337,7404,"題辭",""
1845,337,7405,"題辭",""
1846,337,7406,"題辭",""
1847,332,6160,"其他作者",""
1848,332,7060,"其他作者",""
1849,332,7063,"傳記作者",""
1850,353,7369,"題辭",""
1851,353,7370,"題辭",""
1852,361,7465,"其他作者",""
1853,361,7454,"題辭",""
1854,361,7455,"題辭",""
1855,361,7362,"題辭",""
1856,361,7363,"題辭",""
1857,361,7463,"題辭",""
1858,361,7466,"題辭",""
1859,338,4829,"序作者",""
1860,336,7084,"其他作者",""
1861,336,7085,"墓志詺作者",""
1862,336,7513,"題辭",""
1863,336,7512,"題辭",""
1864,336,7514,"題辭",""
1865,336,7086,"題辭",""
1866,343,7382,"傳記作者",""
1867,343,7382,"輓詞作者",""
1868,343,7382,"其他作者",""
1869,350,7307,"序作者",""
1870,350,7371,"傳記作者",""
1871,350,7549,"跋作者",""
1872,350,7550,"其他作者",""
1873,316,7143,"傳記作者",""
1874,284,7325,"其他作者",""
1876,396,7613,"序作者",""
1877,351,7315,"序作者",""
1878,351,6075,"題辭",""
1879,351,7316,"傳記作者",""
1880,351,7316,"跋作者",""
1881,285,7420,"序作者",""
1882,285,7417,"序作者",""
1883,285,7418,"序作者",""
1884,285,7600,"題辭",""
1885,285,327,"題辭",""
1886,285,7601,"題辭",""
1887,285,7419,"題辭",""
1888,285,7602,"題辭",""
1889,285,7599,"跋作者",""
1890,356,7471,"序作者",""
1891,356,7472,"序作者",""
1892,356,801,"序作者",""
1893,390,7563,"序作者",""
1894,390,7564,"題辭",""
1895,390,7566,"跋作者",""
1896,340,7562,"序作者",""
1897,383,7479,"序作者",""
1898,383,7478,"其他作者",""
1899,383,7480,"題辭",""
1900,383,7481,"題辭",""
1901,383,7055,"題辭",""
1902,383,7482,"題辭",""
1903,383,7483,"題辭",""
1904,383,7484,"題辭",""
1905,383,7571,"題辭",""
1906,383,7572,"題辭",""
1907,383,7573,"題辭",""
1908,383,7487,"題辭",""
1909,383,7485,"題辭",""
1910,383,7486,"題辭",""
1911,383,7575,"題辭",""
1912,383,7576,"題辭",""
1913,383,7488,"題辭",""
1914,383,7495,"題辭",""
1915,383,7494,"題辭",""
1916,383,7489,"題辭",""
1917,383,7490,"題辭",""
1918,383,7491,"題辭",""
1919,383,7492,"題辭",""
1920,383,7493,"題辭",""
1921,383,7577,"題辭",""
1922,396,7614,"跋作者",""
1923,288,3825,"題辭",""
1924,288,7421,"題辭",""
1925,288,7422,"題辭",""
1926,288,7423,"題辭",""
2139,463,7833,"编輯",""
1929,450,247,"主要作者",""
1930,451,7656,"主要作者",""
1931,452,7657,"主要作者",""
1932,453,195,"主要作者",""
1933,454,3695,"主要作者",""
1934,455,170,"主要作者",""
1939,464,4411,"主要作者",""
1940,465,158,"主要作者",""
1937,458,161,"主要作者",""
1941,466,5801,"主要作者",""
2149,459,7842,"作者",""
1944,473,213,"主要作者",""
1945,391,7689,"序作者",""
1946,391,7690,"序作者",""
1947,391,6846,"序作者",""
1948,400,7793,"序作者",""
1949,400,7794,"題辭",""
1950,405,7617,"序作者",""
1951,405,7618,"序作者",""
1952,405,7619,"題辭",""
1953,405,7621,"題辭",""
1954,405,7622,"題辭",""
1955,405,7623,"跋作者",""
1956,405,7624,"跋作者",""
1957,407,7814,"題辭",""
1958,407,5756,"序作者",""
1959,407,118,"序作者",""
1960,408,7815,"其他作者",""
1961,409,7630,"序作者",""
1962,409,7630,"題辭",""
1963,410,7626,"序作者",""
1964,410,7638,"序作者",""
1965,410,4649,"題辭",""
1966,410,7627,"題辭",""
1967,410,7628,"其他作者",""
1968,410,7632,"其他作者",""
1969,410,7633,"跋作者",""
1970,410,7634,"跋作者",""
1971,410,7635,"傳記作者",""
1972,411,7629,"序作者",""
1973,405,7620,"題辭",""
1974,425,7773,"序作者",""
1975,425,7812,"序作者",""
1976,425,7811,"序作者",""
1977,425,6773,"序作者",""
1979,425,7795,"題辭",""
1980,425,7796,"題辭",""
1981,425,7797,"題辭",""
1982,425,175,"題辭",""
1983,425,7798,"題辭",""
1984,425,32,"題辭",""
1985,425,272,"跋作者",""
1986,427,7799,"題辭",""
1987,427,7800,"跋作者",""
1988,443,7806,"序作者",""
1989,443,6066,"序作者",""
1990,443,263,"序作者",""
1991,428,7644,"跋作者",""
1992,443,7807,"序作者",""
1993,430,7801,"序作者",""
1994,443,7808,"序作者",""
1995,443,7813,"序作者",""
1996,430,7802,"序作者",""
1997,430,7803,"序作者",""
1998,443,6590,"序作者",""
1999,430,7804,"題辭",""
2000,443,1146,"跋作者",""
2001,443,7809,"跋作者",""
2002,443,6435,"其他作者",""
2003,443,6435,"作者",""
2004,432,7805,"序作者",""
2005,443,1138,"作者",""
2006,443,6428,"其他作者",""
2007,439,7817,"序作者",""
2008,439,7645,"序作者",""
2009,438,7671,"序作者",""
2010,435,7647,"題辭",""
2011,435,7654,"其他作者",""
2012,435,7646,"傳記作者",""
2013,435,7648,"傳記作者",""
2014,435,7649,"序作者",""
2015,435,7650,"序作者",""
2016,435,7651,"序作者",""
2017,435,7652,"序作者",""
2018,435,7653,"題辭",""
2019,435,7654,"題辭",""
2020,435,7648,"跋作者",""
2021,434,7675,"序作者",""
2022,433,7676,"序作者",""
2023,433,6235,"序作者",""
2024,433,7677,"序作者",""
2025,433,7678,"序作者",""
2026,433,7677,"題辭",""
2027,433,7679,"題辭",""
2028,433,7680,"題辭",""
2029,433,7681,"題辭",""
2030,433,7682,"題辭",""
2031,433,7683,"題辭",""
2032,433,7684,"題辭",""
2033,433,7685,"題辭",""
2034,433,7686,"題辭",""
2035,433,7687,"題辭",""
2036,433,7688,"題辭",""
2037,433,7685,"作者",""
2038,454,7818,"傳記作者",""
2039,454,4847,"序作者",""
2040,454,1917,"序作者",""
2041,454,177,"序作者",""
2042,454,7819,"題辭",""
2043,454,7822,"題辭",""
2044,454,3682,"題辭",""
2045,454,7823,"題辭",""
2046,454,7824,"輓詞作者",""
2047,452,7695,"序作者",""
2048,452,7696,"題辭",""
2049,452,7697,"題辭",""
2050,452,7698,"題辭",""
2051,451,7752,"序作者",""
2052,451,7753,"序作者",""
2053,451,7755,"傳記作者",""
2054,451,7754,"跋作者",""
2056,417,6050,"像贊作者",""
2057,417,7769,"跋作者",""
2058,417,6474,"題辭",""
2059,417,7770,"題辭",""
2060,417,7772,"題辭",""
2061,417,4445,"題辭",""
2062,417,6527,"題辭",""
2063,417,7774,"題辭",""
2064,417,4702,"題辭",""
2065,417,7775,"題辭",""
2066,417,7776,"題辭",""
2067,417,418,"題辭",""
2068,417,7777,"題辭",""
2069,417,7778,"題辭",""
2071,424,6568,"序作者",""
2072,417,7779,"題辭",""
2073,424,6568,"其他作者",""
2074,417,7780,"題辭",""
2075,424,7639,"跋作者",""
2076,417,7781,"題辭",""
2077,417,7782,"題辭",""
2078,417,7783,"題辭",""
2079,417,4705,"題辭",""
2080,417,7784,"題辭",""
2081,417,6475,"題辭",""
2082,417,7785,"題辭",""
2083,417,7786,"題辭",""
2514,417,7558,"題辭",""
2085,417,4651,"題辭",""
2086,417,7788,"題辭",""
2087,417,7789,"題辭",""
2088,417,6123,"題辭",""
2089,417,7791,"題辭",""
2090,417,127,"題辭",""
2091,417,132,"題辭",""
2092,417,4492,"題辭",""
2093,417,167,"題辭",""
2094,417,7792,"題辭",""
2095,418,7424,"序作者",""
2096,418,7658,"題辭",""
2097,418,267,"題辭",""
2098,418,7659,"題辭",""
2099,418,7660,"題辭",""
2100,418,7672,"題辭",""
2101,418,7664,"題辭",""
2102,418,7665,"題辭",""
2103,418,7666,"題辭",""
2104,418,7673,"題辭",""
2105,418,7667,"題辭",""
2106,418,7668,"題辭",""
2107,418,7669,"題辭",""
2108,418,7670,"題辭",""
2109,418,7661,"題辭",""
2110,418,7662,"題辭",""
2111,418,7663,"題辭",""
2112,413,7827,"序作者",""
2113,413,7827,"輓詞作者",""
2114,413,7827,"其他作者",""
2115,413,7825,"題辭",""
2116,413,7826,"題辭",""
2117,413,7828,"其他作者",""
2118,413,7827,"題辭",""
2119,428,7641,"作者",""
2120,428,7642,"作者",""
2121,428,7643,"作者",""
2122,428,7372,"作者",""
2123,419,7674,"序作者",""
2124,420,7771,"跋作者",""
2125,423,7631,"序作者",""
2126,423,202,"序作者",""
2127,423,7631,"墓志詺作者",""
2128,412,7816,"序作者",""
2129,414,7829,"序作者",""
2130,414,7830,"序作者",""
2131,455,6463,"跋作者",""
2132,455,513,"題辭",""
2133,455,7831,"傳記作者",""
2134,460,7832,"作者",""
2135,462,7833,"编輯",""
2136,462,6423,"编輯",""
2137,462,6423,"序作者",""
2138,462,6423,"跋作者",""
2140,463,6423,"编輯",""
2141,468,7834,"作者",""
2142,469,5807,"主要作者",""
2148,470,7835,"主要作者",""
2147,471,7836,"主要作者",""
2150,459,1288,"作者",""
2151,459,132,"作者",""
2160,461,7849,"编輯",""
2153,459,4221,"作者",""
2154,459,924,"作者",""
2155,459,1349,"作者",""
2156,459,147,"作者",""
2157,459,1419,"作者",""
2158,459,1420,"作者",""
2159,459,199,"作者",""
2161,257,118,"題辭",""
2163,477,5942,"主要作者",""
2164,480,7851,"主要作者",""
2374,482,911,"主要作者",""
2166,475,7853,"序作者",""
2167,475,7854,"序作者",""
2168,475,4542,"序作者",""
2169,476,7855,"主要作者",""
2170,478,7858,"主要作者",""
2171,479,7860,"主要作者",""
2172,214,6483,"主要作者",""
2173,471,7924,"序作者","1918"
2174,321,7925,"序作者","1806"
2175,470,7868,"序作者",""
2176,469,6788,"序作者",""
2177,469,6076,"序作者",""
2178,367,5998,"序作者",""
2179,367,7413,"序作者",""
2180,367,7910,"序作者",""
2181,367,7911,"序作者",""
2182,367,7414,"序作者",""
2183,367,7415,"序作者",""
2184,458,7691,"序作者",""
2185,458,7692,"序作者",""
2186,458,7693,"序作者",""
2187,458,7694,"序作者",""
2188,458,7750,"跋作者",""
2189,458,7756,"跋作者",""
2190,458,7757,"跋作者",""
2191,458,7758,"傳記作者",""
2192,458,7759,"像贊作者",""
2194,458,6235,"題辭",""
2195,458,7762,"題辭",""
2196,458,7763,"題辭",""
2197,458,7764,"題辭",""
2198,458,7765,"題辭",""
2199,458,7766,"題辭",""
2200,458,4809,"題辭",""
2201,458,7767,"題辭",""
2202,458,7756,"傳記作者",""
2203,465,6970,"序作者",""
2204,465,7913,"序作者",""
2205,218,4581,"序作者",""
2206,59,4536,"題辭",""
2207,218,6474,"題辭",""
2208,218,4399,"題辭",""
2209,218,7699,"題辭",""
2210,218,6430,"題辭",""
2211,218,6475,"題辭",""
2212,218,7700,"題辭",""
2213,218,6476,"題辭",""
2214,218,7747,"題辭",""
2215,218,6708,"題辭",""
2216,218,6477,"題辭",""
2217,218,6594,"題辭",""
2218,218,7702,"題辭",""
2219,218,4445,"題辭",""
2220,218,7703,"題辭",""
2221,218,490,"題辭",""
2222,218,7704,"題辭",""
2223,218,7705,"題辭",""
2224,218,7706,"題辭",""
2225,218,7707,"題辭",""
2226,437,7751,"題辭",""
2228,327,7170,"其他作者",""
2229,327,7022,"傳記作者",""
2230,327,7171,"序作者",""
2231,327,7172,"序作者",""
2232,327,7173,"題辭",""
2233,327,7173,"跋作者",""
2234,218,7709,"題辭",""
2235,218,7710,"題辭",""
2236,218,4581,"題辭",""
2237,218,6571,"題辭",""
2238,218,4705,"題辭",""
2239,218,7711,"題辭",""
2240,218,7712,"題辭",""
2241,218,7713,"題辭",""
2242,218,7714,"題辭",""
2243,218,4703,"題辭",""
2244,218,7715,"題辭",""
2245,218,7716,"題辭",""
2246,218,6872,"題辭",""
2247,463,7863,"題辭",""
2248,463,7864,"題辭",""
2249,463,7865,"題辭",""
2250,463,7866,"序作者",""
2251,463,7867,"序作者",""
2252,463,7869,"序作者",""
2253,463,7870,"序作者",""
2254,463,6423,"跋作者",""
2255,218,7717,"題辭",""
2256,218,7718,"題辭",""
2257,218,7719,"題辭",""
2258,218,6089,"題辭",""
2259,218,4447,"題辭",""
2260,218,7720,"題辭",""
2261,218,6128,"題辭",""
2262,218,6121,"題辭",""
2263,218,7721,"題辭",""
2264,218,4819,"題辭",""
2265,218,7722,"題辭",""
2266,218,7723,"題辭",""
2267,218,7724,"題辭",""
2268,218,7725,"題辭",""
2269,218,7726,"題辭",""
2270,218,7727,"題辭",""
2271,218,7728,"題辭",""
2272,218,7729,"題辭",""
2273,218,4868,"題辭",""
2274,218,4825,"題辭",""
2275,218,7730,"題辭",""
2276,218,7731,"題辭",""
2277,218,7732,"題辭",""
2278,218,7733,"題辭",""
2279,218,7734,"題辭",""
2280,218,4761,"題辭",""
2281,218,7735,"題辭",""
2282,218,7736,"題辭",""
2283,218,7737,"題辭",""
2284,218,7738,"題辭",""
2285,218,7739,"題辭",""
2286,218,7740,"題辭",""
2287,218,7741,"題辭",""
2288,218,7742,"題辭",""
2289,218,7743,"題辭",""
2290,218,7744,"題辭",""
2291,218,4722,"題辭",""
2292,218,7749,"題辭",""
2293,218,7746,"題辭",""
2294,218,4708,"題辭",""
2295,218,6977,"題辭",""
2296,465,7917,"題辭",""
2297,440,8010,"題辭",""
3642,81,8358,"作者",""
2299,440,8000,"題辭",""
2300,440,8001,"題辭",""
2301,440,435,"題辭",""
2302,440,8002,"題辭",""
2303,440,8004,"題辭",""
2304,440,8003,"題辭",""
2305,440,448,"題辭",""
2306,440,3139,"題辭",""
2307,440,8011,"題辭",""
2308,440,8005,"題辭",""
2309,440,8006,"題辭",""
2310,440,4624,"題辭",""
2311,440,8007,"題辭",""
2312,440,8008,"題辭",""
2313,440,8009,"題辭",""
2314,440,8019,"題辭",""
2315,440,8012,"題辭",""
2316,440,8013,"題辭",""
2317,440,8014,"題辭",""
2318,440,8015,"題辭",""
2319,440,434,"題辭",""
2320,440,7602,"題辭",""
2321,440,8017,"作者",""
2322,465,4399,"題辭",""
2323,465,7737,"題辭",""
2324,465,7914,"題辭",""
2325,465,7777,"題辭",""
2326,465,7915,"題辭",""
2327,465,4819,"題辭",""
2328,465,7916,"題辭",""
2329,465,7918,"題辭",""
2330,59,4537,"題辭",""
2331,465,7919,"題辭",""
2332,465,7772,"題辭",""
2333,465,6474,"題辭",""
2334,465,6573,"題辭",""
2335,465,7920,"題辭",""
2336,465,7921,"題辭",""
2337,465,7922,"題辭",""
2338,465,3650,"題辭",""
2339,465,199,"題辭",""
2340,465,3584,"題辭",""
2341,465,3675,"題辭",""
2342,465,156,"題辭",""
2343,465,167,"題辭",""
2344,465,1338,"題辭",""
2345,465,3620,"題辭",""
2347,387,7545,"序作者",""
2348,387,7223,"序作者",""
2349,387,63,"序作者",""
2350,387,7545,"傳記作者",""
2351,387,8026,"序作者",""
2352,387,8030,"序作者",""
2353,387,8030,"輓詞作者",""
2354,387,8027,"輓詞作者",""
2355,387,8028,"輓詞作者",""
2356,387,8029,"輓詞作者",""
2357,387,8025,"輓詞作者",""
2358,466,7871,"題辭",""
2359,466,7872,"跋作者",""
2360,466,7873,"跋作者",""
2361,469,7504,"作者",""
2362,469,7861,"作者",""
2363,469,7862,"作者",""
2364,469,7498,"作者",""
2365,466,8040,"跋作者",""
2366,476,435,"序作者",""
2367,476,8042,"序作者",""
2368,476,8043,"序作者",""
2369,476,8044,"序作者",""
2370,476,7856,"作者",""
2371,476,7857,"作者",""
2372,476,434,"題辭",""
2373,474,4258,"主要作者",""
2375,352,4673,"其他作者",""
2376,352,8056,"題辭",""
2377,352,8052,"題辭",""
2378,352,8054,"序作者",""
2379,352,8055,"序作者",""
2380,352,8057,"序作者",""
2381,352,7426,"序作者",""
2382,352,8058,"序作者",""
2383,352,8059,"題辭",""
2384,352,456,"題辭",""
2385,352,8060,"題辭",""
2386,352,8061,"題辭",""
2387,352,8062,"題辭",""
2388,352,8063,"題辭",""
2389,352,8064,"題辭",""
2390,352,7448,"題辭",""
2391,352,8065,"題辭",""
2392,352,8066,"題辭",""
2393,352,8067,"題辭",""
2394,352,7457,"題辭",""
2395,352,8068,"題辭",""
2396,352,7449,"題辭",""
2397,352,8069,"題辭",""
2398,352,7687,"題辭",""
2399,352,8070,"題辭",""
2400,352,8071,"題辭",""
2401,352,8072,"題辭",""
2402,352,8073,"題辭",""
2403,352,8074,"題辭",""
2404,352,7429,"題辭",""
2405,352,8075,"題辭",""
2406,352,8076,"題辭",""
2407,352,8077,"題辭",""
2408,352,8078,"題辭",""
2409,352,8079,"題辭",""
2410,352,8080,"題辭",""
2411,352,8088,"題辭",""
2412,352,8089,"題辭",""
2413,352,8090,"題辭",""
2414,352,8091,"題辭",""
2415,352,8092,"題辭",""
2416,352,8093,"題辭",""
2417,352,7432,"題辭",""
2418,352,8094,"題辭",""
2419,352,8095,"題辭",""
2420,352,8096,"題辭",""
2421,352,8097,"題辭",""
2422,352,8098,"題辭",""
2423,352,8099,"題辭",""
2424,352,8100,"題辭",""
2425,352,8101,"題辭",""
2426,352,8102,"題辭",""
2427,352,8103,"題辭",""
2428,352,8104,"題辭",""
2429,352,8105,"題辭",""
2430,352,8081,"跋作者",""
2431,352,8082,"附記作者",""
2432,352,7427,"跋作者",""
2433,444,8049,"序作者",""
2434,444,8048,"作者",""
2435,444,8050,"輓詞作者",""
2436,444,8051,"跋作者",""
2437,460,7832,"序作者",""
2438,429,8112,"序作者",""
2439,429,6041,"序作者",""
2440,429,8113,"作者",""
2441,429,8114,"作者",""
2442,429,8115,"作者",""
2443,431,7637,"序作者",""
2444,431,7636,"序作者",""
2445,431,8116,"跋作者",""
2446,431,7655,"作者",""
2447,479,8110,"主要作者",""
2448,479,8122,"主要作者",""
2449,479,8117,"題辭",""
2450,479,8118,"序作者",""
2451,479,8119,"序作者",""
2452,479,8120,"序作者",""
2453,479,8121,"序作者",""
2454,479,8121,"作者",""
2455,479,8123,"作者",""
2456,479,8118,"作者",""
2457,479,8120,"作者",""
2458,479,8124,"作者",""
2459,479,8125,"作者",""
2460,479,8123,"跋作者",""
2461,479,8111,"作者",""
2462,479,8126,"作者",""
2463,479,8127,"作者",""
2464,474,8128,"序作者",""
2465,474,8133,"序作者",""
2466,474,7758,"傳記作者",""
2467,474,7758,"序作者",""
2468,474,7764,"序作者",""
2469,474,7909,"題辭",""
2470,474,8134,"序作者",""
2471,474,8134,"跋作者",""
2472,474,8135,"跋作者",""
2473,480,8136,"序作者",""
2474,480,8137,"序作者",""
2475,480,7051,"序作者",""
2476,480,8138,"序作者",""
2477,480,8139,"序作者",""
2478,480,6081,"題辭",""
2479,480,8140,"題辭",""
2480,480,8141,"題辭",""
2481,234,8142,"序作者",""
2482,234,8143,"序作者",""
2483,234,7547,"序作者",""
2484,234,7551,"序作者",""
2485,234,7552,"序作者",""
2486,234,7553,"序作者",""
2487,234,8144,"序作者",""
2488,234,7554,"題辭",""
2489,234,7555,"題辭",""
2490,234,7556,"題辭",""
2491,234,8145,"題辭",""
2492,234,7557,"題辭",""
2493,234,8146,"題辭",""
2494,234,7558,"題辭",""
2495,234,8147,"題辭",""
2496,234,8148,"題辭",""
2497,234,8150,"題辭",""
2498,234,8151,"題辭",""
2499,234,7560,"題辭",""
2500,234,8152,"題辭",""
2501,234,8153,"題辭",""
2502,234,8154,"題辭",""
2503,234,8155,"題辭",""
2504,234,8156,"題辭",""
2505,234,8157,"題辭",""
2506,234,8158,"題辭",""
2507,234,8159,"題辭",""
2508,234,7559,"題辭",""
2509,234,8161,"題辭",""
2510,234,1367,"題辭",""
2511,234,8160,"題辭",""
2512,234,8162,"作者",""
2513,480,8163,"作者",""
2515,234,8162,"序作者",""
2516,468,7834,"序作者",""
2517,436,8053,"傳記作者",""
2518,436,7767,"序作者",""
2519,436,6106,"序作者",""
2520,436,8053,"跋作者",""
2521,404,8164,"跋作者",""
2523,313,7099,"序作者",""
2524,313,7100,"序作者",""
2525,313,7101,"傳記作者",""
2526,313,7101,"輓詞作者",""
2527,313,7608,"序作者",""
2528,313,7102,"題辭",""
2529,313,7100,"跋作者",""
2530,145,5997,"序作者",""
2531,242,1081,"作者",""
2532,242,6707,"作者",""
2533,148,6029,"序作者",""
2534,148,6030,"序作者",""
2535,148,6031,"題辭",""
2536,148,6032,"題辭",""
2537,148,6033,"題辭",""
2538,148,6034,"題辭",""
2539,148,6035,"題辭",""
2540,148,6036,"題辭",""
2541,148,6037,"題辭",""
2542,148,6030,"題辭",""
2543,148,6075,"輓詞作者",""
2544,148,6100,"輓詞作者",""
2545,148,8167,"輓詞作者",""
2546,148,8168,"輓詞作者",""
2547,271,418,"序作者",""
2548,271,6845,"序作者",""
2549,271,6846,"序作者",""
2550,271,6849,"序作者",""
2551,271,3797,"題辭",""
2552,271,6847,"題辭",""
2553,271,3799,"題辭",""
2554,271,425,"題辭",""
2555,271,199,"題辭",""
2556,271,183,"題辭",""
2557,271,6848,"題辭",""
2702,270,6805,"序作者",""
2559,271,6984,"題辭",""
2560,271,7088,"題辭",""
2561,271,7089,"題辭",""
2562,271,7090,"題辭",""
2563,271,7091,"跋作者",""
2564,271,425,"跋作者",""
2565,481,8173,"校註者",""
2566,241,6484,"跋作者",""
2567,170,263,"序作者",""
2568,170,493,"序作者",""
2569,170,472,"序作者",""
2570,450,8003,"題辭",""
2571,450,8175,"題辭",""
2572,450,3751,"題辭",""
2573,205,7450,"序作者",""
2574,205,7451,"序作者",""
2575,216,6732,"跋作者",""
2576,124,4125,"序作者",""
2577,130,5778,"序作者",""
2578,130,5777,"傳記作者",""
2579,130,5779,"傳記作者",""
2580,131,5780,"序作者",""
2581,131,5781,"序作者",""
2582,131,5782,"序作者",""
2583,133,8176,"序作者",""
2584,133,5784,"題辭",""
2585,133,5785,"題辭",""
2586,133,5787,"題辭",""
2587,133,5788,"序作者",""
2588,133,5786,"題辭",""
2589,133,5787,"序作者",""
2590,135,5970,"題辭",""
2591,135,5972,"序作者",""
2592,135,5970,"序作者",""
2593,135,5971,"題辭",""
2594,395,7595,"序作者",""
2595,395,7596,"題辭",""
2596,395,7597,"題辭",""
2597,395,7598,"跋作者",""
2598,381,7357,"傳記作者",""
2599,377,7358,"序作者",""
2600,377,7358,"编輯",""
2601,377,7358,"題辭",""
2602,377,8177,"跋作者",""
2603,377,8177,"題辭",""
2604,377,7546,"傳記作者",""
2605,377,71,"作者",""
2606,374,7570,"序作者",""
2607,374,1317,"序作者",""
2608,374,7570,"附記作者",""
2609,374,8178,"傳記作者",""
2610,374,8179,"其他作者",""
2611,363,7324,"序作者",""
2612,363,7361,"序作者",""
2613,149,6015,"序作者",""
2614,388,247,"作者",""
2615,359,6120,"序作者",""
2616,359,7192,"墓志詺作者",""
2617,359,7193,"跋作者",""
2618,358,7365,"跋作者",""
2619,358,8180,"跋作者",""
2620,320,7158,"作者",""
2621,320,7157,"作者",""
2622,320,7156,"作者",""
2623,320,7159,"跋作者",""
2625,317,7439,"題辭",""
2626,315,7023,"序作者",""
2627,315,7058,"題辭",""
2628,315,7025,"序作者",""
2629,315,7024,"傳記作者",""
2630,315,7024,"輓詞作者",""
2631,315,7569,"題辭",""
2632,312,7029,"序作者",""
2633,312,7031,"題辭",""
2634,312,7032,"題辭",""
2635,312,7033,"題辭",""
2636,312,7034,"傳記作者",""
2637,312,7035,"傳記作者",""
2638,312,588,"作者",""
2639,311,7026,"序作者",""
2640,311,4934,"序作者",""
2641,311,7027,"序作者",""
2642,311,7028,"序作者",""
2643,306,7568,"序作者",""
2644,306,6807,"傳記作者",""
2645,306,7055,"傳記作者",""
2646,306,7056,"跋作者",""
2647,303,6999,"序作者",""
2648,303,7000,"傳記作者",""
2649,303,7001,"傳記作者",""
2650,303,7002,"墓志詺作者",""
2651,303,7003,"墓志詺作者",""
2652,303,7609,"其他作者",""
2653,301,7005,"序作者",""
2654,301,8182,"傳記作者",""
2655,301,7006,"像贊作者",""
2656,301,8183,"題辭",""
2657,301,8184,"附記作者",""
2658,301,8185,"題辭",""
2659,296,7066,"序作者",""
2660,296,7067,"序作者",""
2661,296,7068,"序作者",""
2662,296,7069,"序作者",""
2663,296,457,"題辭",""
2664,296,7070,"題辭",""
2665,296,462,"題辭",""
2666,296,7071,"題辭",""
2667,296,7072,"題辭",""
2668,296,7073,"題辭",""
2669,296,7107,"題辭",""
2670,296,7108,"題辭",""
2671,296,7075,"題辭",""
2672,296,7076,"題辭",""
2673,296,7074,"題辭",""
2674,296,7109,"題辭",""
2675,296,7110,"題辭",""
2676,296,7077,"題辭",""
2677,296,7111,"題辭",""
2678,296,7612,"題辭",""
2679,296,7113,"題辭",""
2680,296,7114,"題辭",""
2681,296,3751,"題辭",""
2682,296,7078,"傳記作者",""
2683,294,6956,"題辭",""
2684,294,6943,"作者",""
2685,294,6957,"作者",""
2686,293,6949,"序作者",""
2687,293,6950,"題辭",""
2688,293,6951,"題辭",""
2689,293,6952,"題辭",""
2690,293,6953,"題辭",""
2691,293,6954,"題辭",""
2692,293,6955,"題辭",""
2693,293,6966,"題辭",""
2694,293,6967,"題辭",""
2695,293,6968,"題辭",""
2696,293,6969,"題辭",""
2697,293,6971,"題辭",""
2698,293,6972,"題辭",""
2699,293,6973,"題辭",""
2700,293,6974,"題辭",""
2701,293,6973,"作者",""
2703,270,4636,"序作者",""
2704,270,6806,"序作者",""
2705,270,6815,"序作者",""
2706,270,4572,"序作者",""
2707,270,6850,"序作者",""
2708,270,6851,"題辭",""
2709,270,6867,"題辭",""
2710,270,6869,"題辭",""
2711,270,6870,"題辭",""
2712,270,6871,"題辭",""
2713,270,6816,"題辭",""
2714,270,6873,"題辭",""
2715,270,6817,"題辭",""
2716,270,6828,"題辭",""
2717,270,6830,"題辭",""
2718,270,6831,"題辭",""
2719,270,6833,"題辭",""
2720,270,6862,"題辭",""
2721,270,6863,"題辭",""
2722,270,6834,"作者",""
2723,262,4636,"序作者",""
2724,262,6320,"序作者",""
2725,262,7163,"序作者",""
2726,262,6798,"序作者",""
2727,262,4816,"題辭",""
2728,262,7163,"題辭",""
2729,262,6799,"題辭",""
2730,262,7164,"題辭",""
2731,262,7165,"題辭",""
2732,262,4867,"題辭",""
2733,262,7166,"題辭",""
2734,262,4636,"題辭",""
2735,262,4851,"作者",""
2736,262,4636,"作者",""
2737,262,5936,"作者",""
2738,273,8186,"其他作者",""
2739,273,8187,"序作者",""
2740,273,8187,"其他作者",""
2741,273,6892,"題辭",""
2742,273,6893,"題辭",""
2743,273,6894,"題辭",""
2744,273,6804,"題辭",""
2745,273,6896,"題辭",""
2746,273,6897,"題辭",""
2747,273,6898,"題辭",""
2748,273,6899,"題辭",""
2749,273,6900,"題辭",""
2750,254,275,"序作者",""
2751,254,7290,"序作者",""
2752,125,5638,"序作者",""
2753,125,5637,"跋作者",""
2754,125,5640,"跋作者",""
2755,125,5639,"序作者",""
2756,125,5641,"墓志詺作者",""
2757,125,5735,"輓詞作者",""
2758,125,5692,"輓詞作者",""
2759,126,4104,"傳記作者",""
2760,126,4104,"作者",""
2761,135,5963,"作者",""
2762,244,6557,"序作者",""
2763,244,6791,"序作者",""
2764,244,6792,"序作者",""
2765,244,6558,"序作者",""
2766,244,6559,"序作者",""
2767,244,6793,"序作者",""
2768,244,6560,"題辭",""
2769,244,6559,"題辭",""
2770,244,6794,"題辭",""
2771,244,6561,"題辭",""
2772,244,6792,"題辭",""
3544,296,7077,"作者",""
2774,244,6557,"題辭",""
2775,244,6793,"題辭",""
2776,287,4253,"作者",""
2777,287,305,"作者",""
2778,287,7087,"作者",""
2779,228,8197,"序作者",""
2780,228,8195,"跋作者",""
2781,228,8196,"跋作者",""
2782,49,7640,"題辭",""
2787,240,7130,"序作者",""
2784,445,8199,"附記作者",""
2785,445,8199,"跋作者",""
2786,445,7277,"輓詞作者",""
2788,240,7131,"序作者",""
2789,240,7132,"序作者",""
2790,240,7133,"序作者",""
2791,240,7134,"題辭",""
2792,240,7135,"題辭",""
2793,240,7132,"題辭",""
2794,240,7131,"題辭",""
2795,240,7133,"題辭",""
2796,240,7136,"題辭",""
2797,240,7452,"跋作者",""
2798,240,7137,"作者",""
2800,223,4445,"序作者",""
2801,223,6492,"序作者",""
2802,125,8192,"傳記作者",""
2803,125,8193,"傳記作者",""
2804,125,8194,"輓詞作者",""
2805,125,8205,"輓詞作者",""
2806,125,8206,"輓詞作者",""
2807,125,8200,"輓詞作者",""
2808,125,8207,"輓詞作者",""
2809,125,8208,"輓詞作者",""
2810,125,7265,"輓詞作者",""
2811,125,8209,"輓詞作者",""
2812,125,4453,"輓詞作者",""
2813,125,8210,"輓詞作者",""
2814,125,8201,"輓詞作者",""
2815,125,8211,"輓詞作者",""
2816,125,8212,"輓詞作者",""
2817,125,8213,"輓詞作者",""
2818,125,8214,"輓詞作者",""
2819,125,8215,"輓詞作者",""
2820,125,8216,"輓詞作者",""
2821,125,8202,"輓詞作者",""
2822,125,8217,"輓詞作者",""
2823,125,8203,"輓詞作者",""
2824,125,8204,"輓詞作者",""
2825,125,5637,"輓詞作者",""
2826,125,8218,"輓詞作者",""
2827,125,214,"輓詞作者",""
2828,125,4035,"輓詞作者",""
2829,125,5650,"輓詞作者",""
2830,125,8219,"輓詞作者",""
2831,125,8220,"輓詞作者",""
2832,125,8221,"輓詞作者",""
2833,125,8222,"輓詞作者",""
2834,125,8223,"輓詞作者",""
2835,125,8224,"輓詞作者",""
2836,125,8225,"輓詞作者",""
2837,125,8227,"輓詞作者",""
2838,125,8228,"輓詞作者",""
2839,125,8229,"輓詞作者",""
2840,125,8230,"輓詞作者",""
2841,125,8231,"輓詞作者",""
2842,125,5846,"輓詞作者",""
2843,125,8232,"輓詞作者",""
2844,125,8233,"輓詞作者",""
2845,125,8234,"輓詞作者",""
2846,125,8235,"輓詞作者",""
2847,125,8236,"輓詞作者",""
2848,125,8237,"輓詞作者",""
2849,125,8238,"輓詞作者",""
2850,125,4842,"其他作者",""
2851,125,4578,"其他作者",""
2852,125,5642,"其他作者",""
2853,125,5643,"題辭",""
2854,125,5644,"題辭",""
2855,125,5645,"題辭",""
2856,125,5646,"題辭",""
2857,125,5647,"題辭",""
2858,125,8239,"題辭",""
2859,125,5648,"題辭",""
2860,125,5649,"題辭",""
2861,125,5650,"題辭",""
2862,125,5651,"題辭",""
2863,125,5652,"題辭",""
2864,125,5639,"題辭",""
2865,125,5653,"題辭",""
2866,125,5654,"題辭",""
2867,125,5655,"題辭",""
2868,125,5656,"題辭",""
2869,125,5657,"題辭",""
2870,125,5658,"題辭",""
2871,125,5659,"題辭",""
2872,125,5660,"題辭",""
2873,125,5661,"題辭",""
2874,125,5662,"題辭",""
2875,125,5663,"題辭",""
2876,125,5664,"題辭",""
2877,125,5665,"題辭",""
2878,125,5666,"題辭",""
2879,125,5667,"題辭",""
2880,125,5668,"題辭",""
2881,125,5669,"題辭",""
2882,125,5670,"題辭",""
2883,125,5671,"題辭",""
2884,125,5672,"題辭",""
2885,125,5673,"題辭",""
2886,125,5674,"題辭",""
2887,125,5675,"題辭",""
2888,125,5676,"題辭",""
2889,125,5677,"題辭",""
2890,125,5678,"題辭",""
2891,125,5679,"題辭",""
2892,125,5680,"題辭",""
2893,125,5681,"題辭",""
2894,125,5682,"題辭",""
2895,125,5683,"題辭",""
2896,125,5684,"題辭",""
2897,125,5685,"題辭",""
2898,125,5686,"題辭",""
2899,125,5687,"題辭",""
2900,125,5688,"題辭",""
2901,125,5689,"題辭",""
2902,125,5690,"題辭",""
2903,125,5691,"題辭",""
2904,125,5692,"題辭",""
2905,125,5693,"題辭",""
2906,125,5694,"題辭",""
2907,125,5695,"題辭",""
2908,125,5696,"題辭",""
2909,125,5697,"題辭",""
2910,125,5698,"題辭",""
2911,125,5699,"題辭",""
2912,125,5701,"題辭",""
2913,125,5700,"題辭",""
2914,125,5702,"題辭",""
2915,125,5703,"題辭",""
2916,125,5704,"題辭",""
2917,125,5705,"題辭",""
2918,125,5706,"題辭",""
2919,125,5707,"題辭",""
2920,125,5708,"題辭",""
2921,125,5709,"題辭",""
2922,125,5710,"題辭",""
2923,125,4877,"題辭",""
2924,125,5712,"題辭",""
2925,125,5713,"題辭",""
2926,125,5714,"題辭",""
2927,125,5715,"題辭",""
2928,125,5716,"題辭",""
2929,125,5717,"題辭",""
2930,125,5718,"題辭",""
2931,125,5719,"題辭",""
2932,125,5720,"題辭",""
2933,125,5721,"題辭",""
2934,125,5722,"題辭",""
2935,125,5723,"題辭",""
2936,125,5724,"題辭",""
2937,125,5725,"題辭",""
2938,125,5726,"題辭",""
2939,125,5727,"題辭",""
2940,125,5728,"題辭",""
2941,125,5729,"題辭",""
2942,125,5730,"題辭",""
2943,125,5731,"題辭",""
2944,125,5732,"題辭",""
2945,125,5733,"題辭",""
2946,125,5734,"題辭",""
2947,125,5735,"題辭",""
2948,125,5638,"題辭",""
2949,125,5736,"題辭",""
2950,125,5737,"題辭",""
2951,125,5738,"題辭",""
2952,125,5739,"題辭",""
2953,125,5740,"題辭",""
2954,125,5741,"題辭",""
2955,125,5742,"題辭",""
2956,125,5743,"題辭",""
2957,125,5744,"題辭",""
2958,125,5745,"題辭",""
2959,125,5746,"題辭",""
2960,125,5747,"題辭",""
2961,125,5748,"題辭",""
2962,125,491,"題辭",""
2963,125,5750,"題辭",""
2964,125,5751,"題辭",""
2965,125,5752,"題辭",""
2966,125,5753,"題辭",""
2967,125,5754,"題辭",""
2968,125,5755,"題辭",""
2969,125,5756,"題辭",""
2970,125,5756,"輓詞作者",""
2971,223,6493,"序作者",""
2972,223,4699,"傳記作者",""
2973,223,6475,"輓詞作者",""
2974,223,6494,"像贊作者",""
2975,223,6463,"題辭",""
2976,223,6673,"題辭",""
2977,223,6495,"題辭",""
2978,223,6496,"題辭",""
2979,223,6497,"題辭",""
2980,223,6498,"題辭",""
2981,223,6674,"題辭",""
2982,223,6607,"題辭",""
2983,223,6675,"題辭",""
2984,223,6114,"題辭",""
2985,223,6499,"題辭",""
2986,223,6610,"題辭",""
2987,223,6611,"題辭",""
2988,223,6573,"題辭",""
2990,223,6501,"題辭",""
2991,223,6677,"題辭",""
2992,223,6678,"題辭",""
2993,223,6614,"題辭",""
2994,223,6502,"題辭",""
2995,223,6615,"題辭",""
2996,223,6617,"題辭",""
2997,223,6679,"題辭",""
2998,223,6505,"題辭",""
2999,223,6680,"題辭",""
3000,223,6506,"題辭",""
3001,223,6507,"題辭",""
3002,223,6681,"題辭",""
3003,223,6682,"題辭",""
3004,223,6683,"題辭",""
3005,223,6508,"題辭",""
3006,223,6509,"題辭",""
3007,223,6510,"題辭",""
3008,223,6684,"題辭",""
3009,223,6511,"題辭",""
3010,223,6685,"題辭",""
3011,223,6624,"題辭",""
3012,223,6512,"題辭",""
3013,223,6513,"題辭",""
3014,223,6627,"題辭",""
3015,223,6686,"題辭",""
3016,223,6514,"題辭",""
3017,223,6515,"題辭",""
3018,223,6516,"題辭",""
3020,223,6687,"題辭",""
3021,223,6688,"題辭",""
3022,223,6517,"題辭",""
3023,223,6689,"題辭",""
3024,223,6631,"題辭",""
3025,223,6690,"題辭",""
3026,223,6632,"題辭",""
3027,223,6518,"題辭",""
3028,223,6519,"題辭",""
3029,223,6520,"題辭",""
3030,223,6521,"題辭",""
3031,223,6522,"題辭",""
3032,223,6638,"題辭",""
3033,223,6640,"題辭",""
3034,223,6524,"題辭",""
3035,223,6525,"題辭",""
3036,223,6691,"題辭",""
3037,223,6643,"題辭",""
3038,223,6692,"題辭",""
3039,223,6644,"題辭",""
3040,223,6526,"題辭",""
3041,223,6527,"題辭",""
3042,223,6693,"題辭",""
3043,223,6694,"題辭",""
3044,223,6528,"題辭",""
3045,223,6529,"題辭",""
3046,223,1854,"題辭",""
3047,223,108,"題辭",""
3048,223,6530,"題辭",""
3049,223,6695,"題辭",""
3050,223,6648,"題辭",""
3051,223,6649,"題辭",""
3052,223,839,"題辭",""
3053,223,1342,"題辭",""
3054,223,6650,"題辭",""
3055,223,6652,"題辭",""
3056,223,1914,"題辭",""
3057,223,3589,"題辭",""
3058,223,6696,"題辭",""
3059,223,6654,"題辭",""
3060,223,6532,"題辭",""
3061,223,6533,"題辭",""
3062,223,459,"題辭",""
3063,223,6534,"題辭",""
3064,223,6658,"題辭",""
3065,223,6659,"題辭",""
3066,223,6535,"題辭",""
3067,223,6697,"題辭",""
3068,223,6536,"題辭",""
3069,223,6537,"題辭",""
3070,223,6538,"題辭",""
3071,223,6539,"題辭",""
3072,223,243,"題辭",""
3073,223,6698,"作者",""
3074,223,6699,"作者",""
3075,223,3549,"作者",""
3076,223,6695,"作者",""
3077,223,6667,"輓詞作者",""
3078,223,6665,"跋作者",""
3079,223,6654,"作者",""
3080,205,6423,"其他作者",""
3159,177,6298,"作者",""
3160,177,6299,"作者",""
3161,177,6300,"作者",""
3162,177,6301,"作者",""
3158,177,6297,"",""
3157,177,6296,"作者",""
3156,177,6295,"作者",""
3155,177,6294,"作者",""
3154,177,6293,"作者",""
3153,177,6292,"作者",""
3152,177,6291,"作者",""
3151,177,6290,"作者",""
3150,177,6289,"作者",""
3149,177,6288,"作者",""
3147,177,6286,"作者",""
3148,177,6287,"作者",""
3146,177,6285,"作者",""
3145,177,6382,"輓詞作者",""
3144,177,6417,"墓志詺作者",""
3143,177,6344,"其他作者",""
3142,177,6343,"跋作者",""
3141,177,6342,"傳記作者",""
3140,177,6288,"序作者",""
3139,177,6348,"序作者",""
3138,177,6298,"序作者",""
3137,177,6416,"序作者",""
3136,177,6415,"序作者",""
3135,177,6418,"序作者",""
3134,178,6246,"跋作者",""
3133,178,6244,"跋作者",""
3132,178,4578,"序作者",""
3131,178,6243,"序作者",""
3130,178,6242,"序作者",""
3129,178,6241,"序作者",""
3127,190,4861,"序作者",""
3128,181,6400,"傳記作者",""
3163,177,6302,"作者",""
3164,177,6303,"作者",""
3165,177,6304,"作者",""
3166,177,6305,"作者",""
3167,177,6306,"作者",""
3168,177,6307,"作者",""
3169,177,6308,"作者",""
3170,177,6309,"作者",""
3171,177,6310,"作者",""
3172,177,6311,"作者",""
3173,177,6312,"作者",""
3174,177,6313,"作者",""
3175,177,6314,"作者",""
3176,177,6315,"作者",""
3177,177,6316,"作者",""
3178,177,6317,"作者",""
3179,177,6318,"作者",""
3180,177,6319,"作者",""
3181,177,6320,"作者",""
3182,177,6321,"作者",""
3183,177,6323,"作者",""
3184,177,6324,"作者",""
3185,177,6325,"作者",""
3186,177,6326,"作者",""
3187,177,6327,"作者",""
3188,177,6328,"作者",""
3189,177,6329,"作者",""
3190,177,6330,"作者",""
3191,177,6331,"作者",""
3192,177,6332,"作者",""
3193,177,6333,"作者",""
3194,177,6334,"作者",""
3195,177,6335,"作者",""
3198,177,6322,"作者",""
3199,177,6336,"作者",""
3200,177,6337,"作者",""
3201,177,6338,"作者",""
3202,177,6339,"作者",""
3204,177,6340,"作者",""
3205,177,6341,"作者",""
3207,177,6342,"作者",""
3208,177,6343,"作者",""
3209,177,6344,"作者",""
3211,177,6345,"作者",""
3212,177,6346,"作者",""
3213,177,6347,"作者",""
3214,177,6348,"作者",""
3216,177,6349,"作者",""
3217,177,6350,"作者",""
3218,177,6351,"作者",""
3220,177,6352,"作者",""
3221,177,6353,"作者",""
3222,177,6356,"作者",""
3223,177,6355,"作者",""
3224,177,6357,"作者",""
3225,177,6354,"作者",""
3226,177,6358,"作者",""
3227,177,6359,"作者",""
3228,177,6360,"作者",""
3229,177,6361,"作者",""
3230,177,6362,"作者",""
3231,177,6363,"作者",""
3232,177,6364,"作者",""
3233,177,6365,"作者",""
3234,177,6382,"作者",""
3235,177,6407,"作者",""
3236,177,6408,"傳記作者",""
3237,177,6409,"作者",""
3238,177,6410,"作者",""
3239,177,6411,"作者",""
3240,177,6412,"作者",""
3241,177,6413,"作者",""
3242,177,6414,"作者",""
3243,174,6402,"序作者",""
3244,174,6384,"序作者",""
3245,169,6248,"序作者",""
3246,169,6249,"傳記作者",""
3247,169,6438,"序作者",""
3248,169,6431,"序作者",""
3249,169,6437,"序作者",""
3250,169,6436,"序作者",""
3251,167,6055,"序作者",""
3252,167,6054,"序作者",""
3253,167,6053,"序作者",""
3254,167,6049,"序作者",""
3255,167,146,"序作者",""
3256,167,6051,"序作者",""
3257,167,6050,"序作者",""
3258,167,3828,"序作者",""
3259,167,187,"序作者",""
3260,167,190,"序作者",""
3261,167,6052,"序作者",""
3262,167,5333,"序作者",""
3263,167,6169,"序作者",""
3264,167,409,"序作者",""
3265,167,6054,"題辭",""
3266,167,6146,"題辭",""
3267,167,6147,"題辭",""
3268,167,418,"題辭",""
3269,167,922,"題辭",""
3270,167,265,"題辭",""
3271,167,6149,"題辭",""
3272,167,6150,"題辭",""
3273,167,6151,"題辭",""
3274,167,6152,"題辭",""
3275,167,145,"題辭",""
3276,167,6153,"題辭",""
3277,167,6154,"題辭",""
3278,167,6155,"題辭",""
3279,167,390,"題辭",""
3280,167,6156,"題辭",""
3281,167,6157,"題辭",""
3282,167,6159,"題辭",""
3283,167,6160,"題辭",""
3284,167,6161,"題辭",""
3285,167,6162,"題辭",""
3286,167,6163,"題辭",""
3287,167,3676,"題辭",""
3288,167,6164,"題辭",""
3289,167,6165,"題辭",""
3290,167,6166,"題辭",""
3291,167,6167,"題辭",""
3292,167,6055,"跋作者",""
3293,167,6055,"作者",""
3294,167,6168,"附記作者",""
3295,169,6438,"凡例作者",""
3296,167,6170,"作者",""
3297,167,6171,"作者",""
3298,167,6147,"作者",""
3299,166,442,"序作者",""
3300,165,8020,"序作者",""
3301,165,4445,"傳記作者",""
3302,165,4825,"墓志詺作者",""
3303,165,6064,"輓詞作者",""
3304,165,1738,"輓詞作者",""
3305,165,3549,"輓詞作者",""
3306,165,4162,"輓詞作者",""
3307,165,124,"輓詞作者",""
3308,165,6065,"傳記作者",""
3309,165,6091,"作者",""
3310,165,1147,"作者",""
3311,165,6092,"作者",""
3312,165,3549,"作者",""
3313,165,202,"作者",""
3314,165,104,"作者",""
3315,165,6138,"作者",""
3316,165,6065,"作者",""
3317,165,6108,"其他作者",""
3318,164,6142,"序作者",""
3319,164,6144,"附記作者",""
3320,164,6143,"跋作者",""
3321,164,6145,"附記作者",""
3322,163,6068,"序作者",""
3323,163,5643,"序作者",""
3324,163,6069,"題辭",""
3325,163,232,"作者",""
3326,162,6217,"序作者",""
3327,162,6085,"傳記作者",""
3328,162,263,"序作者",""
3329,162,6066,"題辭",""
3330,162,6218,"題辭",""
3331,162,6070,"題辭",""
3332,162,3724,"作者",""
3333,162,6090,"題辭",""
3334,162,6071,"題辭",""
3335,162,6084,"題辭",""
3336,162,6089,"題辭",""
3337,162,6219,"題辭",""
3338,162,6072,"題辭",""
3339,162,6085,"附記作者",""
3340,162,6067,"其他作者",""
3341,236,6491,"作者",""
3342,290,6947,"作者",""
3343,372,8248,"序作者",""
3344,372,8247,"序作者",""
3345,372,8249,"傳記作者",""
3346,389,7567,"墓志詺作者",""
3347,398,3847,"序作者",""
3348,280,6964,"題辭",""
3349,280,5969,"題辭",""
3350,280,6991,"題辭",""
3351,280,6992,"題辭",""
3352,280,6993,"題辭",""
3353,280,6980,"題辭",""
3354,280,6994,"題辭",""
3355,139,5967,"序作者",""
3356,139,5968,"傳記作者",""
3357,139,5974,"題辭",""
3358,139,5975,"題辭",""
3359,139,5976,"跋作者",""
3360,142,3797,"附記作者",""
3361,142,3797,"題辭",""
3362,142,3797,"其他作者",""
3363,144,5994,"序作者",""
3364,144,5995,"序作者",""
3365,144,5996,"序作者",""
3366,145,8254,"題辭",""
3367,146,6014,"序作者",""
3368,146,6013,"序作者",""
3369,146,6000,"序作者",""
3370,146,5998,"序作者",""
3371,146,5999,"傳記作者",""
3372,146,4627,"附記作者",""
3373,146,8257,"作者",""
3374,161,6081,"序作者",""
3375,161,4104,"序作者",""
3376,161,6082,"序作者",""
3377,161,6083,"序作者",""
3378,161,6083,"作者",""
3379,147,6026,"傳記作者",""
3380,147,6021,"序作者",""
3381,147,6022,"序作者",""
3382,147,6023,"序作者",""
3383,147,6027,"序作者",""
3384,147,6025,"序作者",""
3385,147,6024,"序作者",""
3386,147,6028,"序作者",""
3387,160,308,"序作者",""
3388,160,6086,"序作者",""
3389,160,6095,"序作者",""
3390,160,6073,"序作者",""
3391,160,383,"作者",""
3392,160,6078,"題辭",""
3393,160,6074,"題辭",""
3394,160,6075,"題辭",""
3395,160,6076,"題辭",""
3396,160,4675,"題辭",""
3397,160,6087,"題辭",""
3398,160,6077,"題辭",""
3399,160,4544,"題辭",""
3400,160,6079,"題辭",""
3401,160,6106,"題辭",""
3402,160,6086,"題辭",""
3403,160,6099,"題辭",""
3404,160,6088,"題辭",""
3405,160,6100,"題辭",""
3406,160,6105,"題辭",""
3407,160,6104,"題辭",""
3408,160,4393,"題辭",""
3409,160,6095,"題辭",""
3410,160,6101,"題辭",""
3411,160,6097,"題辭",""
3412,160,6096,"題辭",""
3414,160,6095,"作者",""
3415,160,383,"",""
3416,160,6073,"作者",""
3417,159,6062,"序作者",""
3418,159,871,"序作者",""
3419,159,6063,"序作者",""
3420,158,6176,"其他作者",""
3421,158,7908,"序作者",""
3422,158,6177,"序作者",""
3423,158,6178,"序作者",""
3424,158,6179,"序作者",""
3425,158,6180,"序作者",""
3426,158,6181,"序作者",""
3427,158,6182,"序作者",""
3428,158,6183,"序作者",""
3429,158,6184,"序作者",""
3430,158,6185,"序作者",""
3431,158,6186,"序作者",""
3432,158,6187,"序作者",""
3433,158,6188,"序作者",""
3434,158,6189,"序作者",""
3435,158,4710,"序作者",""
3436,158,6191,"序作者",""
3437,158,6192,"題辭",""
3438,158,6193,"題辭",""
3439,158,6194,"題辭",""
3440,158,6195,"題辭",""
3441,158,6196,"題辭",""
3442,158,406,"題辭",""
3443,158,6198,"題辭",""
3444,158,6199,"題辭",""
3445,158,6200,"題辭",""
3446,158,6201,"題辭",""
3447,158,6202,"題辭",""
3448,158,6203,"題辭",""
3449,158,6204,"題辭",""
3450,158,6205,"序作者",""
3451,158,6206,"題辭",""
3452,158,6207,"題辭",""
3453,158,6208,"題辭",""
3454,158,6209,"題辭",""
3455,158,6210,"題辭",""
3456,158,6211,"題辭",""
3457,158,6212,"題辭",""
3458,158,6213,"題辭",""
3459,158,6214,"其他作者",""
3460,158,6215,"跋作者",""
3461,158,6216,"跋作者",""
3462,157,3794,"序作者",""
3463,157,6046,"序作者",""
3464,157,6047,"題辭",""
3465,157,6048,"作者",""
3466,157,3794,"其他作者",""
3467,156,4636,"序作者",""
3468,156,4636,"作者",""
3469,156,1919,"題辭",""
3470,156,6060,"題辭",""
3471,156,5936,"題辭",""
3472,156,3604,"題辭",""
3473,156,6061,"題辭",""
3474,156,6059,"題辭",""
3475,156,4838,"跋作者",""
3476,155,6041,"序作者",""
3477,155,6042,"序作者",""
3478,155,6043,"題辭",""
3479,155,6042,"題辭",""
3480,155,6041,"作者",""
3481,155,5804,"作者",""
3482,153,177,"序作者",""
3483,153,6056,"跋作者",""
3484,153,8270,"作者",""
3485,137,5964,"跋作者",""
3486,137,5987,"題辭",""
3487,148,6030,"作者",""
3488,148,6030,"輓詞作者",""
3489,148,8169,"輓詞作者",""
3490,148,8170,"輓詞作者",""
3491,148,8171,"輓詞作者",""
3492,148,8172,"輓詞作者",""
3493,148,6439,"輓詞作者",""
3494,148,6442,"輓詞作者",""
3495,148,8273,"輓詞作者",""
3496,148,8272,"輓詞作者",""
3497,148,8271,"輓詞作者",""
3498,149,6016,"序作者",""
3499,149,6017,"題辭",""
3500,152,6264,"序作者",""
3501,152,6265,"其他作者",""
3502,152,6265,"輓詞作者",""
3503,152,6251,"序作者",""
3504,152,6252,"序作者",""
3505,152,6254,"序作者",""
3506,152,6253,"序作者",""
3507,152,6250,"墓志詺作者",""
3508,151,6251,"序作者",""
3509,151,6252,"序作者",""
3510,151,6254,"序作者",""
3511,151,6253,"序作者",""
3512,151,6250,"墓志詺作者",""
3513,149,6018,"題辭",""
3514,149,6019,"題辭",""
3515,149,6020,"題辭",""
3516,149,6440,"題辭",""
3517,149,8282,"題辭",""
3518,149,8283,"題辭",""
3519,149,8284,"題辭",""
3520,149,8286,"題辭",""
3521,149,8287,"題辭",""
3522,149,8288,"題辭",""
3523,149,8289,"題辭",""
3524,149,8290,"題辭",""
3525,149,6443,"題辭",""
3526,149,8292,"題辭",""
3527,149,8293,"題辭",""
3528,149,8294,"題辭",""
3529,149,8295,"題辭",""
3530,149,8296,"題辭",""
3531,149,8297,"題辭",""
3532,149,8298,"題辭",""
3533,149,8299,"題辭",""
3534,149,6255,"題辭",""
3535,131,8188,"作者",""
3536,223,6665,"輓詞作者",""
3537,223,6667,"作者",""
3538,223,6493,"作者",""
3539,229,8300,"跋作者",""
3540,240,696,"作者",""
3541,240,1466,"作者",""
3542,240,6152,"作者",""
3543,296,7078,"作者",""
3545,296,7110,"作者",""
3546,296,7079,"作者",""
3547,303,7610,"其他作者",""
3548,312,7030,"序作者",""
3549,312,7036,"傳記作者",""
3550,313,7408,"題辭",""
3551,313,7101,"作者",""
3552,450,3750,"作者",""
3553,450,8174,"作者",""
3554,450,7248,"作者",""
3555,450,8189,"作者",""
3556,125,8308,"題辭",""
3557,125,8309,"題辭",""
3558,150,8307,"作者",""
3559,150,8311,"作者",""
3561,328,7764,"序作者",""
3562,328,7758,"序作者",""
3563,328,8134,"跋作者",""
3564,328,8128,"序作者",""
3565,328,8133,"序作者",""
3566,406,8331,"序作者",""
3567,406,7616,"作者",""
3568,406,8332,"跋作者",""
3569,440,7540,"序作者",""
3570,464,8003,"題辭",""
3571,464,8316,"題辭",""
3572,464,4670,"題辭",""
3573,464,8317,"題辭",""
3574,464,8318,"題辭",""
3575,464,8319,"題辭",""
3576,464,8320,"題辭",""
3577,464,8321,"題辭",""
3578,464,8322,"題辭",""
3579,464,8319,"作者",""
3580,464,8285,"作者",""
3581,464,8316,"作者",""
3582,464,8003,"作者",""
3583,22,2018,"作者",""
3584,22,438,"作者",""
3585,22,1980,"作者",""
3586,51,3465,"作者",""
3587,51,3221,"作者",""
3588,51,244,"作者",""
3589,51,167,"作者",""
3590,58,4102,"作者",""
3591,67,437,"題辭",""
3592,76,4632,"作者",""
3593,76,4601,"作者",""
3594,140,8346,"作者",""
3595,140,6261,"作者",""
3596,140,6427,"作者",""
3597,140,8347,"作者",""
3598,140,6257,"作者",""
3599,189,6433,"傳記作者",""
3600,268,7510,"題辭",""
3601,268,6788,"題辭",""
3602,268,6789,"題辭",""
3603,268,6790,"題辭",""
3604,268,3567,"題辭",""
3605,268,5807,"題辭",""
3606,334,7065,"其他作者",""
3607,352,255,"作者",""
3609,385,7425,"題辭",""
3610,385,7426,"題辭",""
3611,385,7427,"題辭",""
3612,385,7448,"題辭",""
3613,385,7449,"題辭",""
3614,385,7428,"題辭",""
3615,385,7429,"題辭",""
3616,385,7430,"題辭",""
3617,385,7441,"題辭",""
3618,385,7431,"題辭",""
3619,385,7432,"題辭",""
3620,385,7443,"題辭",""
3621,385,7433,"題辭",""
3622,385,7434,"題辭",""
3623,385,7444,"題辭",""
3624,385,7446,"題辭",""
3625,385,7445,"題辭",""
3626,385,7435,"題辭",""
3627,385,7436,"題辭",""
3628,385,7447,"題辭",""
3629,385,7437,"題辭",""
3630,419,7768,"序作者",""
3631,434,8047,"其他作者",""
3632,435,8046,"其他作者",""
3633,440,3139,"作者",""
3634,440,8007,"作者",""
3635,440,435,"作者",""
3636,458,974,"作者",""
3637,458,3567,"作者",""
3638,476,435,"作者",""
3639,431,7637,"作者",""
3640,453,6943,"其他作者",""
3641,440,7370,"題辭",""
3643,90,8245,"作者",""
3644,220,4445,"序作者",""
3645,220,6868,"作者",""
3646,262,3604,"作者",""
3647,67,433,"作者",""
3653,453,8408,"作者",""
3654,453,8409,"作者",""
3655,453,8407,"作者",""
3656,453,8406,"作者",""
3657,249,8418,"題辭",""
3658,249,3918,"題辭",""
3659,249,8417,"題辭",""
3660,241,8421,"序作者",""
3661,241,8425,"序作者",""
3662,241,8425,"題辭",""
3663,241,8424,"題辭",""
3664,241,8422,"序作者",""
3665,249,8419,"作者",""
3666,249,8430,"序作者",""
3667,249,8431,"序作者",""
3668,482,456,"序作者",""
3669,482,4673,"題辭",""
3670,482,456,"附記作者",""
3671,376,263,"題辭",""
3672,475,6424,"跋作者",""
3673,475,8435,"題辭",""
3674,475,8433,"題辭",""
3675,475,8434,"題辭",""
3676,475,8432,"題辭",""
3677,477,8003,"序作者",""
3678,477,8436,"序作者",""
3679,477,8437,"序作者",""
3680,477,8438,"序作者",""
3681,477,8439,"序作者",""
3682,477,434,"題辭",""
3683,477,8440,"題辭",""
3684,477,8441,"題辭",""
3685,477,3721,"題辭",""
3686,477,8442,"題辭",""
3687,477,8443,"題辭",""
3688,477,8444,"題辭",""
3689,477,8445,"題辭",""
3690,477,8446,"題辭",""
3691,477,8447,"題辭",""
3692,477,8438,"題辭",""
3693,477,8448,"題辭",""
3694,477,8437,"題辭",""
3695,477,5590,"題辭",""
3696,473,8107,"序作者",""
3697,473,8108,"序作者",""
3698,473,6068,"題辭",""
3699,473,4804,"題辭",""
3700,473,6485,"題辭",""
3701,473,8450,"題辭",""
3702,473,7547,"題辭",""
3703,473,8451,"題辭",""
3704,473,8107,"題辭",""
3705,473,8452,"題辭",""
3706,473,8453,"題辭",""
3707,473,8454,"題辭",""
3708,473,8455,"題辭",""
3709,473,8456,"題辭",""
3710,473,8457,"題辭",""
3711,473,8458,"題辭",""
3712,473,8459,"題辭",""
3713,473,7547,"跋作者",""
3714,477,4624,"跋作者",""
3715,477,8460,"其他作者",""
3716,477,8461,"其他作者",""
